CustomerID,Recency,Frequency,Monetary,Cluster
12346.0,207,1,77183.6,2
12347.0,11,5,2790.86,1
12348.0,130,3,1487.24,0
12350.0,191,1,334.4,0
12352.0,143,5,1561.81,0
12353.0,85,1,89.0,1
12354.0,114,1,1079.4,0
12355.0,96,1,459.4,1
12356.0,127,2,2753.08,0
12358.0,32,1,484.86,1
12359.0,71,3,3495.73,1
12360.0,82,1,1083.58,1
12361.0,169,1,189.9,0
12362.0,2,4,1747.35,1
12363.0,124,1,299.1,0
12365.0,173,2,641.38,0
12370.0,156,3,2806.41,0
12372.0,94,2,914.9200000000001,1
12373.0,193,1,364.6,0
12377.0,196,2,1628.12,0
12378.0,11,1,4008.62,1
12379.0,51,1,459.84,1
12380.0,67,1,607.5500000000001,1
12381.0,1,1,1268.74,1
12383.0,66,5,1850.56,1
12384.0,3,1,292.69,1
12386.0,219,2,401.9,0
12388.0,30,4,1668.3400000000001,1
12393.0,127,3,1061.1000000000001,0
12394.0,99,1,381.08,1
12395.0,43,7,1733.62,1
12397.0,17,1,1214.81,1
12399.0,1,4,1108.65,1
12401.0,185,1,84.3,0
12402.0,205,1,225.6,0
12405.0,30,1,1710.39,1
12406.0,65,1,1621.25,1
12407.0,15,4,1407.3600000000001,1
12408.0,57,3,1491.77,1
12409.0,64,1,6207.08,1
12410.0,190,2,693.3299999999999,0
12412.0,19,2,890.74,1
12413.0,117,2,563.9,0
12414.0,99,3,562.41,1
12415.0,25,12,77265.72,2
12417.0,8,6,2253.83,1
12421.0,55,2,396.8,1
12422.0,50,2,655.86,1
12423.0,73,6,1451.69,1
12424.0,44,2,1760.96,1
12426.0,76,1,582.73,1
12427.0,253,1,303.5,0
12428.0,2,8,7548.12,1
12429.0,54,3,2844.88,1
12431.0,1,11,4874.57,1
12432.0,52,3,4016.66,1
12433.0,247,2,3787.12,0
12434.0,142,1,286.25,0
12435.0,149,1,3978.9900000000002,0
12437.0,59,9,2476.73,1
12438.0,22,1,890.0699999999999,1
12441.0,248,1,173.55,0
12444.0,3,2,2627.27,1
12447.0,125,1,476.49,0
12449.0,11,2,1636.88,1
12450.0,38,2,197.88,1
12451.0,99,2,5307.82,1
12453.0,16,1,707.09,1
12455.0,9,5,2176.36,1
12456.0,12,2,2265.4,1
12457.0,115,3,1067.25,0
12458.0,166,1,441.92,0
12461.0,36,1,626.88,1
12462.0,185,1,762.11,0
12463.0,57,3,985.79,1
12464.0,31,5,590.4499999999999,1
12465.0,51,1,440.94,1
12468.0,69,2,729.5400000000001,1
12471.0,37,16,9375.58,1
12472.0,20,5,4927.6,1
12473.0,73,1,672.1899999999999,1
12474.0,19,12,3896.38,1
12476.0,22,6,3191.67,1
12477.0,121,2,4576.97,0
12480.0,25,3,2144.95,1
12481.0,61,8,4101.76,1
12483.0,65,5,1314.6100000000001,1
12484.0,58,2,2276.66,1
12489.0,218,1,334.93,0
12490.0,20,4,2092.71,1
12493.0,47,2,433.74,1
12494.0,43,5,868.86,1
12500.0,50,5,1395.8400000000001,1
12501.0,218,1,2169.39,0
12502.0,9,4,2631.52,1
12506.0,114,1,73.5,0
12507.0,15,3,1304.81,1
12509.0,166,1,176.5,0
12510.0,24,2,982.5699999999999,1
12514.0,148,1,1017.68,0
12515.0,234,1,383.7,0
12516.0,62,1,583.2,1
12517.0,8,2,1538.7,1
12520.0,24,4,2045.85,1
12521.0,24,1,599.68,1
12523.0,17,5,704.94,1
12524.0,43,6,3122.48,1
12527.0,176,2,284.92,0
12528.0,31,3,1053.37,1
12530.0,5,3,1221.65,1
12534.0,12,1,1089.18,1
12535.0,68,1,371.45,1
12539.0,143,3,4517.69,0
12540.0,19,9,8277.53,1
12541.0,54,2,536.14,1
12545.0,141,1,628.15,0
12547.0,79,2,207.79999999999998,1
12548.0,47,1,95.19999999999999,1
12551.0,239,1,168.0,0
12553.0,36,6,2019.3700000000001,1
12556.0,33,1,312.9,1
12557.0,40,4,9000.960000000001,1
12559.0,192,2,561.71,0
12560.0,24,1,1292.31,1
12561.0,184,1,238.85,0
12562.0,8,3,1605.23,1
12564.0,143,1,456.9,0
12565.0,170,1,145.92,0
12567.0,61,7,6107.1,1
12569.0,4,10,1670.97,1
12571.0,3,1,248.35,1
12573.0,108,1,160.54000000000002,0
12574.0,197,1,218.45,0
12576.0,31,3,660.85,1
12577.0,240,1,195.89,0
12578.0,211,1,1608.66,0
12580.0,128,1,415.7,0
12582.0,120,2,511.36,0
12583.0,36,8,3989.1099999999997,1
12584.0,8,4,782.59,1
12585.0,116,2,2040.1,0
12589.0,26,1,131.5,1
12590.0,93,2,9864.26,1
12591.0,199,1,452.84999999999997,0
12592.0,95,1,231.8,1
12593.0,11,2,321.8,1
12594.0,3,8,2529.9,1
12596.0,124,1,269.95,0
12597.0,64,2,1428.81,1
12598.0,43,4,1584.3799999999999,1
12599.0,8,6,857.04,1
12600.0,27,7,1661.19,1
12601.0,71,5,577.0600000000001,1
12604.0,143,1,178.5,0
12609.0,67,2,800.73,1
12610.0,8,1,946.75,1
12613.0,79,4,1462.52,1
12614.0,159,1,315.6,0
12615.0,50,1,634.74,1
12616.0,179,1,255.6,0
12619.0,30,4,1709.34,1
12620.0,86,1,561.66,1
12621.0,29,13,8600.23,1
12622.0,113,1,180.1,0
12623.0,158,1,305.1,0
12624.0,59,1,299.94,1
12625.0,93,2,2683.82,1
12626.0,9,5,4310.74,1
12627.0,11,2,1206.18,1
12633.0,11,3,1948.75,1
12635.0,36,1,683.64,1
12637.0,39,5,3054.1,1
12639.0,120,1,486.1,0
12643.0,10,6,3344.64,1
12644.0,11,1,477.91,1
12645.0,101,2,798.9,1
12647.0,8,9,2886.71,1
12648.0,36,1,318.05,1
12649.0,94,1,375.0,1
12651.0,216,1,114.0,0
12652.0,213,1,919.98,0
12653.0,30,2,2209.85,1
12654.0,79,3,337.75,1
12656.0,85,2,1659.6,1
12662.0,25,6,2269.7400000000002,1
12664.0,25,3,1957.48,1
12665.0,206,1,63.0,0
12668.0,141,3,2924.4700000000003,0
12669.0,32,3,2744.0299999999997,1
12670.0,81,2,1026.3899999999999,1
12672.0,211,1,225.89999999999998,0
12673.0,208,1,220.9,0
12674.0,52,2,976.8,1
12676.0,5,4,998.0500000000001,1
12678.0,31,7,6806.82,1
12679.0,87,2,906.38,1
12681.0,33,15,9866.58,1
12682.0,1,18,7181.78,1
12683.0,66,10,5086.93,1
12684.0,52,4,1379.48,1
12686.0,253,1,89.14,0
12689.0,9,1,511.03,1
12690.0,87,1,389.01,1
12691.0,27,4,556.3,1
12693.0,8,4,855.91,1
12694.0,64,1,439.5,1
12695.0,92,1,89.25,1
12697.0,13,2,733.91,1
12700.0,38,2,2149.05,1
12701.0,124,1,337.08,0
12704.0,9,2,690.37,1
12705.0,40,4,4162.52,1
12707.0,173,1,603.42,0
12708.0,61,6,1627.94,1
12709.0,17,10,6469.11,1
12710.0,43,2,790.36,1
12712.0,29,10,3670.9300000000003,1
12714.0,61,3,2275.18,1
12716.0,15,1,677.9,1
12717.0,33,2,1030.98,1
12720.0,6,15,3314.5,1
12721.0,64,4,1698.91,1
12722.0,32,1,302.92,1
12724.0,55,2,280.36,1
12725.0,252,1,427.8,0
12726.0,66,5,1467.32,1
12727.0,68,5,2800.4,1
12728.0,139,3,617.31,0
12731.0,26,8,11324.25,1
12732.0,61,1,236.26000000000002,1
12733.0,115,1,383.95,0
12734.0,234,1,110.39999999999999,0
12735.0,197,2,779.5699999999999,0
12736.0,214,1,234.0,0
12738.0,253,1,155.35,0
12743.0,15,2,546.43,1
12744.0,26,5,14211.970000000001,1
12747.0,46,7,2467.7,1
12748.0,5,120,12983.99,2
12749.0,12,3,2755.23,1
12750.0,10,1,275.88,1
12753.0,17,5,16620.91,1
12754.0,117,3,3010.74,0
12755.0,162,2,3811.95,0
12757.0,24,7,5281.08,1
12758.0,158,1,1570.19,0
12759.0,53,2,1082.52,1
12763.0,20,2,494.08,1
12764.0,198,1,1693.88,0
12766.0,31,5,4952.1900000000005,1
12769.0,120,1,1143.6,0
12770.0,92,1,1351.45,1
12775.0,71,4,1164.68,1
12778.0,64,4,492.06,1
12779.0,71,7,2999.41,1
12781.0,166,1,549.26,0
12782.0,31,4,2078.67,1
12785.0,246,1,311.95,0
12787.0,74,1,158.1,1
12790.0,74,1,324.92,1
12791.0,255,1,192.60000000000002,0
12792.0,138,1,400.53999999999996,0
12793.0,216,2,545.48,0
12797.0,247,1,254.03,0
12798.0,52,1,1607.04,1
12802.0,68,1,427.58,1
12808.0,66,2,281.35,1
12809.0,59,1,489.31,1
12811.0,142,3,514.85,0
12815.0,29,2,1063.46,1
12816.0,58,1,318.65000000000003,1
12817.0,162,1,166.04,0
12818.0,143,1,1542.08,0
12820.0,208,1,170.46,0
12821.0,95,1,92.72,1
12823.0,8,4,1224.0,1
12826.0,60,4,818.62,1
12828.0,11,1,227.0,1
12829.0,218,2,293.0,0
12830.0,15,4,5204.0,1
12831.0,144,1,215.05,0
12833.0,27,1,417.38,1
12834.0,164,1,312.38,0
12836.0,19,3,2112.53,1
12837.0,54,1,134.1,1
12838.0,255,1,390.79,0
12839.0,15,7,2353.37,1
12840.0,25,4,2726.77,1
12841.0,10,16,2736.1,1
12842.0,190,1,310.73,0
12843.0,41,7,1692.31,1
12844.0,12,1,174.88,1
12845.0,149,4,354.09,0
12849.0,150,1,704.5,0
12852.0,176,1,311.55,0
12853.0,16,6,1957.1000000000001,1
12854.0,123,2,810.37,0
12855.0,254,1,38.1,0
12857.0,92,2,1106.4,1
12864.0,20,1,147.12,1
12865.0,5,1,981.38,1
12866.0,165,1,559.12,0
12867.0,47,5,2352.45,1
12868.0,67,6,1607.0600000000002,1
12871.0,89,1,132.0,1
12872.0,208,2,599.97,0
12873.0,164,1,374.0,0
12875.0,24,2,343.2300000000001,1
12876.0,78,1,726.43,1
12877.0,6,9,1059.23,1
12878.0,118,2,854.99,0
12881.0,157,1,298.0,0
12885.0,5,1,645.35,1
12886.0,101,1,775.0,1
12888.0,95,2,354.12,1
12891.0,67,3,331.0,1
12897.0,86,2,216.5,1
12901.0,15,18,10859.47,1
12902.0,146,1,138.68,0
12904.0,54,1,244.69,1
12908.0,57,2,750.0,1
12909.0,83,3,1528.37,1
12910.0,16,4,1486.9,1
12913.0,164,3,866.39,0
12915.0,30,2,363.65,1
12916.0,20,4,3006.15,1
12917.0,9,1,594.0,1
12919.0,31,2,259.0,1
12921.0,12,22,8924.55,1
12922.0,42,1,405.38,1
12924.0,80,3,655.27,1
12928.0,29,3,1136.14,1
12929.0,193,1,117.85,0
12930.0,53,1,221.56,1
12931.0,1,10,32315.9,1
12933.0,52,2,357.49,1
12935.0,31,3,1219.32,1
12937.0,79,2,428.23,1
12939.0,20,4,7990.08,1
12942.0,13,3,683.9,1
12944.0,236,1,286.95,0
12945.0,170,1,462.95,0
12947.0,25,6,1603.99,1
12948.0,96,3,886.26,1
12949.0,12,6,3023.67,1
12951.0,55,5,751.78,1
12955.0,25,5,1346.9199999999998,1
12956.0,187,1,108.07,0
12957.0,68,4,1715.29,1
12963.0,247,1,365.8,0
12967.0,239,2,1660.9,0
12970.0,204,2,23.8,0
12971.0,7,58,7360.46,2
12974.0,79,1,144.8,1
12976.0,93,1,738.6,1
12977.0,37,1,39.239999999999995,1
12980.0,39,9,7374.900000000001,1
12981.0,15,1,187.18,1
12982.0,124,1,390.54,0
12987.0,79,1,304.3,1
12988.0,174,1,535.32,0
12989.0,39,8,4469.14,1
12990.0,67,2,263.9,1
12993.0,2,3,372.4,1
12994.0,1,2,645.47,1
12997.0,118,2,608.47,0
12999.0,78,3,455.88,1
13000.0,141,2,458.53000000000003,0
13001.0,39,11,8615.42,1
13002.0,200,1,120.94999999999999,0
13003.0,33,2,89.05000000000001,1
13004.0,14,11,3457.02,1
13005.0,55,2,513.7,1
13008.0,205,1,229.46999999999997,0
13011.0,253,1,50.550000000000004,0
13012.0,30,4,1012.3100000000001,1
13013.0,5,7,3127.64,1
13014.0,51,4,1788.78,1
13015.0,78,4,1763.04,1
13016.0,5,1,425.25,1
13018.0,4,17,4788.85,1
13021.0,48,4,1152.47,1
13023.0,11,1,336.40000000000003,1
13026.0,102,2,243.71999999999997,1
13027.0,37,5,5376.0,1
13029.0,20,2,773.1999999999999,1
13030.0,250,1,427.74,0
13033.0,239,1,190.55,0
13034.0,251,1,165.86,0
13035.0,142,1,333.0,0
13037.0,19,3,881.07,1
13038.0,65,2,591.76,1
13043.0,155,1,516.42,0
13044.0,173,1,560.47,0
13046.0,147,1,197.72,0
13047.0,8,8,2682.01,1
13048.0,120,2,939.92,0
13049.0,199,1,153.78,0
13050.0,3,12,4190.68,1
13052.0,94,1,348.15000000000003,1
13055.0,95,1,344.86,1
13058.0,33,1,47.550000000000004,1
13059.0,131,1,183.4,0
13060.0,135,1,307.53,0
13062.0,73,1,346.98,1
13064.0,34,2,659.25,1
13065.0,254,1,205.86,0
13068.0,201,1,165.0,0
13069.0,1,19,3397.94,1
13070.0,74,1,228.8,1
13072.0,148,1,177.15,0
13075.0,11,1,919.61,1
13077.0,171,3,577.44,0
13078.0,22,13,5816.51,1
13079.0,22,1,23.8,1
13080.0,61,1,58.08,1
13081.0,25,8,18870.12,1
13082.0,7,9,3613.63,1
13085.0,39,2,416.08000000000004,1
13089.0,11,65,36895.52,2
13090.0,18,9,4912.02,1
13092.0,93,4,439.75,1
13093.0,157,8,7832.47,0
13094.0,11,10,1545.72,1
13097.0,4,8,4643.71,1
13098.0,9,16,13830.48,1
13101.0,116,1,101.19,0
13102.0,15,19,4961.7,1
13104.0,14,3,376.44,1
13106.0,15,1,76.5,1
13107.0,57,2,935.22,1
13108.0,254,1,350.06,0
13109.0,39,1,369.85,1
13110.0,18,5,1042.24,1
13113.0,4,19,10301.42,1
13115.0,65,1,878.55,1
13116.0,20,1,501.14,1
13117.0,3,7,841.77,1
13118.0,90,3,799.7,1
13120.0,120,1,30.599999999999998,0
13121.0,150,1,283.73,0
13122.0,122,1,903.67,0
13124.0,134,2,2574.12,0
13126.0,134,5,1077.42,0
13131.0,69,1,324.9,1
13132.0,143,1,77.3,0
13133.0,155,2,109.8,0
13134.0,65,3,885.74,1
13135.0,78,1,3096.0,1
13136.0,24,3,1226.68,1
13137.0,20,3,1165.23,1
13138.0,15,3,489.45,1
13139.0,96,2,1170.02,1
13140.0,248,1,159.51,0
13141.0,95,4,1401.03,1
13144.0,214,1,110.95,0
13145.0,8,2,413.8,1
13148.0,15,10,2789.87,1
13149.0,31,2,882.9,1
13151.0,177,1,1257.8700000000001,0
13155.0,208,2,569.2,0
13157.0,23,3,873.1999999999999,1
13158.0,1,3,868.17,1
13161.0,195,1,112.75,0
13162.0,3,4,1688.29,1
13165.0,233,1,354.64,0
13166.0,165,1,417.2,0
13167.0,12,2,417.55,1
13168.0,81,3,972.66,1
13169.0,134,1,505.2,0
13171.0,181,1,140.35,0
13173.0,249,1,165.94,0
13174.0,197,2,2108.27,0
13178.0,15,8,4391.7300000000005,1
13183.0,17,5,2183.02,1
13184.0,12,9,1504.44,1
13185.0,149,1,71.4,0
13186.0,10,1,988.34,1
13187.0,218,1,236.02,0
13192.0,87,1,464.32,1
13194.0,17,1,60.7,1
13196.0,144,1,512.13,0
13198.0,2,5,3009.18,1
13199.0,24,19,4351.76,1
13200.0,8,1,319.32,1
13203.0,2,2,309.86,1
13207.0,32,1,197.52000000000004,1
13208.0,37,4,835.0699999999999,1
13209.0,10,5,4156.08,1
13211.0,242,1,110.7,0
13213.0,10,4,963.88,1
13216.0,149,1,333.74,0
13217.0,3,3,533.98,1
13218.0,8,1,62.63999999999999,1
13220.0,67,3,726.49,1
13221.0,121,2,847.41,0
13223.0,82,2,163.20000000000002,1
13224.0,33,1,1212.26,1
13225.0,24,5,4299.56,1
13226.0,155,1,108.21000000000001,0
13227.0,83,1,257.7,1
13229.0,107,1,160.95,0
13230.0,19,12,2234.18,1
13232.0,62,4,878.45,1
13233.0,218,1,304.24,0
13235.0,93,1,1031.07,1
13238.0,45,2,318.85,1
13239.0,143,1,329.56,0
13240.0,54,3,553.61,1
13242.0,95,2,104.0,1
13243.0,85,1,600.07,1
13246.0,58,5,1860.99,1
13248.0,6,2,465.68,1
13249.0,142,1,291.84000000000003,0
13253.0,38,2,1030.4,1
13255.0,255,1,225.7,0
13258.0,87,1,224.62,1
13261.0,150,2,944.1,0
13262.0,145,1,200.29,0
13263.0,2,22,4590.51,1
13265.0,65,3,1465.66,1
13266.0,40,7,2201.65,1
13267.0,40,13,2487.59,1
13268.0,51,6,2150.25,1
13269.0,32,7,2665.77,1
13270.0,248,1,590.0,0
13277.0,15,1,75.9,1
13280.0,4,3,814.86,1
13282.0,44,2,773.1,1
13283.0,67,1,25.5,1
13284.0,212,1,201.19,0
13285.0,43,3,1970.1,1
13291.0,37,1,361.11,1
13292.0,166,1,249.57,0
13294.0,71,2,873.74,1
13295.0,241,1,201.20000000000002,0
13296.0,19,1,87.4,1
13299.0,150,1,142.5,0
13300.0,51,1,371.89,1
13301.0,40,3,480.9,1
13302.0,36,1,63.75,1
13304.0,233,1,300.42,0
13305.0,27,5,891.1999999999999,1
13307.0,1,1,15.0,1
13308.0,85,1,814.95,1
13309.0,88,2,546.64,1
13310.0,88,2,817.65,1
13311.0,32,1,490.11,1
13313.0,22,3,918.34,1
13316.0,13,2,3779.98,1
13317.0,80,5,1313.98,1
13319.0,16,17,6550.87,1
13320.0,95,2,508.61,1
13324.0,85,7,3798.99,1
13327.0,25,6,2356.4500000000003,1
13328.0,198,1,1308.48,0
13329.0,248,1,304.2,0
13330.0,67,2,728.22,1
13334.0,72,2,2731.84,1
13338.0,39,1,487.02,1
13339.0,82,1,860.12,1
13340.0,16,4,8272.3,1
13341.0,142,1,775.85,0
13343.0,59,1,353.43,1
13344.0,159,1,1656.15,0
13345.0,169,1,389.5,0
13355.0,4,1,674.7,1
13357.0,139,1,609.95,0
13358.0,150,1,439.03,0
13362.0,127,2,1581.53,0
13365.0,99,1,700.6,1
13368.0,138,2,623.4,0
13369.0,247,1,308.28000000000003,0
13370.0,253,1,754.87,0
13373.0,40,2,2055.58,1
13376.0,85,2,770.0,1
13379.0,18,1,136.29,1
13381.0,29,3,1781.09,1
13382.0,162,1,222.99,0
13384.0,10,2,1755.84,1
13385.0,211,1,534.57,0
13388.0,13,2,677.1,1
13389.0,114,1,257.89,0
13391.0,85,1,59.8,1
13394.0,33,4,1236.59,1
13395.0,67,1,307.72,1
13396.0,201,1,387.27000000000004,0
13397.0,64,3,980.47,1
13398.0,74,1,457.34,1
13402.0,8,2,621.23,1
13404.0,94,1,217.81,1
13405.0,85,2,557.45,1
13408.0,2,38,16342.380000000001,2
13410.0,68,3,545.04,1
13414.0,15,3,1390.5,1
13417.0,86,1,236.0,1
13418.0,5,14,4342.13,1
13420.0,31,2,159.85,1
13421.0,171,1,825.04,0
13425.0,50,2,1174.65,1
13426.0,64,5,1558.68,1
13427.0,2,2,464.86,1
13435.0,8,2,694.98,1
13437.0,11,3,2024.25,1
13439.0,137,1,283.71,0
13448.0,100,4,1423.26,1
13450.0,6,4,1421.46,1
13451.0,7,4,2463.39,1
13452.0,141,2,590.0,0
13453.0,47,2,356.97999999999996,1
13455.0,248,1,692.94,0
13456.0,37,3,855.0600000000001,1
13458.0,17,9,7355.44,1
13461.0,20,2,884.2,1
13462.0,134,1,151.5,0
13466.0,65,1,307.9,1
13468.0,3,26,4134.16,1
13473.0,214,1,241.26,0
13474.0,118,1,229.59,0
13475.0,73,4,1431.78,1
13476.0,60,2,1238.47,1
13477.0,20,4,899.55,1
13479.0,82,2,300.95,1
13481.0,73,2,978.99,1
13482.0,113,1,184.64,0
13484.0,122,1,313.8,0
13485.0,115,1,454.24,0
13486.0,10,2,819.61,1
13487.0,94,2,408.8,1
13488.0,2,9,6596.38,1
13489.0,39,3,287.04,1
13491.0,29,9,1088.45,1
13492.0,18,3,1269.84,1
13493.0,156,2,618.63,0
13494.0,193,1,316.26000000000005,0
13495.0,114,3,1072.43,0
13496.0,241,1,501.01,0
13497.0,164,2,348.05,0
13499.0,107,2,463.79,0
13500.0,4,1,326.4,1
13501.0,169,1,1340.32,0
13502.0,156,2,189.16,0
13505.0,48,3,2583.12,1
13506.0,198,2,458.52,0
13507.0,27,1,1242.3799999999999,1
13508.0,125,1,110.97,0
13509.0,31,4,665.02,1
13510.0,65,1,585.3199999999999,1
13512.0,142,1,251.21,0
13513.0,8,1,205.1,1
13515.0,30,2,335.56,1
13516.0,120,1,146.0,0
13517.0,61,1,1101.86,1
13520.0,19,5,2947.98,1
13523.0,81,3,2369.24,1
13524.0,54,2,247.70000000000002,1
13525.0,129,1,282.88,0
13527.0,83,2,585.64,1
13529.0,86,1,181.1,1
13531.0,86,2,483.8,1
13533.0,64,3,270.79,1
13534.0,15,20,4033.33,1
13538.0,2,5,891.75,1
13539.0,122,2,315.65,0
13544.0,122,1,122.91,0
13546.0,82,1,188.16,1
13548.0,125,1,281.01,0
13549.0,24,5,762.05,1
13551.0,201,1,91.80000000000001,0
13552.0,5,9,2762.91,1
13555.0,83,2,1590.05,1
13557.0,162,1,240.68,0
13561.0,97,1,141.85999999999999,1
13562.0,23,2,1209.73,1
13563.0,21,1,310.88,1
13564.0,26,3,1749.02,1
13565.0,216,1,110.17999999999999,0
13568.0,55,1,192.85,1
13569.0,249,1,118.32,0
13570.0,125,1,239.49,0
13571.0,9,6,801.15,1
13572.0,87,1,1384.25,1
13573.0,135,1,31.770000000000003,0
13575.0,15,2,218.75,1
13576.0,20,11,4185.17,1
13577.0,30,2,822.1,1
13579.0,250,1,164.70000000000002,0
13581.0,191,1,118.0,0
13583.0,37,1,781.03,1
13584.0,188,1,142.4,0
13588.0,1,3,1075.62,1
13589.0,61,1,147.0,1
13590.0,32,4,1116.38,1
13591.0,86,2,776.23,1
13592.0,87,3,205.51,1
13593.0,44,4,1391.25,1
13599.0,38,8,2313.84,1
13600.0,193,1,219.52,0
13601.0,92,1,373.2,1
13606.0,125,2,250.42,0
13610.0,26,4,647.76,1
13611.0,52,2,636.72,1
13614.0,46,2,794.98,1
13615.0,200,1,417.69,0
13617.0,62,1,131.10999999999999,1
13618.0,55,1,177.34,1
13623.0,91,4,551.92,1
13626.0,134,1,257.23,0
13627.0,58,3,1027.0,1
13629.0,18,7,4897.36,1
13630.0,52,4,1059.54,1
13631.0,24,10,3017.92,1
13632.0,55,3,814.6,1
13634.0,123,2,625.41,0
13636.0,4,4,646.55,1
13637.0,69,2,684.85,1
13642.0,97,1,354.8,1
13643.0,67,1,87.9,1
13645.0,1,1,252.1,1
13647.0,57,2,803.86,1
13649.0,138,2,346.6,0
13650.0,89,2,745.52,1
13652.0,138,2,638.24,0
13654.0,27,4,1714.27,1
13655.0,123,1,383.65,0
13656.0,46,2,379.65,1
13657.0,83,1,152.34,1
13658.0,85,1,933.3,1
13659.0,87,2,1573.2,1
13662.0,94,2,532.94,1
13663.0,60,1,189.47,1
13666.0,169,2,64.05,0
13667.0,30,1,305.02,1
13668.0,18,15,4503.76,1
13669.0,31,1,48.150000000000006,1
13672.0,183,2,186.39000000000001,0
13675.0,33,2,486.82000000000005,1
13678.0,33,1,232.6,1
13680.0,219,2,2391.59,0
13681.0,37,1,203.46,1
13682.0,69,1,59.5,1
13684.0,167,1,67.23,0
13686.0,64,1,72.0,1
13692.0,95,2,871.58,1
13694.0,9,33,37708.89,2
13695.0,1,11,1385.53,1
13699.0,36,1,308.58000000000004,1
13700.0,58,6,1245.8,1
13703.0,200,1,99.5,0
13705.0,26,2,522.68,1
13706.0,184,1,330.79,0
13707.0,148,2,806.41,0
13708.0,153,1,296.88,0
13709.0,9,4,2327.12,1
13711.0,100,2,252.06,1
13712.0,128,1,228.84,0
13715.0,162,5,1079.34,0
13716.0,151,1,138.28,0
13717.0,10,4,955.99,1
13718.0,128,2,306.55,0
13719.0,87,2,338.74,1
13720.0,60,3,552.55,1
13722.0,13,3,2375.41,1
13723.0,98,1,199.85000000000002,1
13725.0,50,7,1865.7,1
13728.0,16,4,635.08,1
13730.0,17,2,752.6,1
13731.0,101,2,610.59,1
13735.0,57,2,1409.69,1
13736.0,142,1,357.53,0
13737.0,81,1,339.59999999999997,1
13740.0,122,1,350.75,0
13741.0,65,2,363.13,1
13742.0,44,10,2648.7200000000003,1
13743.0,36,3,628.92,1
13744.0,174,1,893.16,0
13745.0,43,1,300.04,1
13747.0,255,1,79.6,0
13748.0,114,3,580.85,0
13750.0,22,4,1316.63,1
13751.0,169,1,296.25,0
13752.0,6,6,1186.28,1
13753.0,169,1,741.26,0
13754.0,33,2,282.59999999999997,1
13756.0,10,7,2558.34,1
13758.0,83,5,2351.52,1
13760.0,138,1,135.09,0
13761.0,61,1,491.71000000000004,1
13762.0,100,1,306.72,1
13764.0,25,2,945.63,1
13767.0,5,27,9290.49,1
13769.0,4,6,1730.24,1
13771.0,81,2,1464.8500000000001,1
13772.0,121,1,228.42,0
13777.0,11,24,12360.24,1
13780.0,52,1,116.28000000000002,1
13781.0,132,1,127.84,0
13782.0,6,3,487.93,1
13784.0,50,7,1632.39,1
13786.0,249,1,230.39999999999998,0
13787.0,246,1,106.4,0
13791.0,9,2,1516.0,1
13792.0,169,1,74.60000000000001,0
13798.0,4,40,27608.32,2
13799.0,176,1,341.7,0
13800.0,191,1,558.32,0
13802.0,20,3,4599.42,1
13803.0,137,1,277.07,0
13804.0,22,3,1355.11,1
13805.0,10,1,500.24,1
13807.0,248,1,112.6,0
13809.0,187,1,155.05,0
13811.0,65,3,814.5,1
13813.0,16,1,385.14,1
13814.0,19,1,617.54,1
13815.0,54,2,2977.75,1
13817.0,233,1,128.7,0
13819.0,183,3,1140.35,0
13821.0,26,2,385.64,1
13824.0,17,4,1429.84,1
13826.0,58,1,189.5,1
13827.0,15,2,300.76,1
13831.0,20,4,1455.3899999999999,1
13833.0,41,1,384.8,1
13835.0,37,2,537.34,1
13837.0,93,2,271.24,1
13838.0,251,1,238.11,0
13841.0,134,1,85.0,0
13842.0,37,7,2165.27,1
13846.0,124,2,663.9300000000001,0
13848.0,179,2,935.0,0
13849.0,52,1,593.5799999999999,1
13850.0,11,1,1595.48,1
13851.0,10,2,1353.28,1
13854.0,24,18,5822.84,1
13856.0,50,3,388.5,1
13859.0,207,1,201.16,0
13862.0,36,5,1453.3700000000001,1
13863.0,129,1,305.78,0
13865.0,18,3,383.34000000000003,1
13867.0,99,1,138.85,1
13869.0,5,4,3104.95,1
13870.0,16,4,1367.31,1
13871.0,16,7,3643.89,1
13873.0,1,3,389.6,1
13874.0,239,1,540.45,0
13875.0,15,4,1424.8,1
13880.0,27,8,1680.76,1
13881.0,23,8,5781.400000000001,1
13883.0,100,4,1742.78,1
13884.0,159,3,196.25,0
13885.0,71,2,506.8,1
13887.0,85,1,349.55,1
13888.0,1,2,605.63,1
13890.0,240,1,190.35,0
13892.0,128,1,54.519999999999996,0
13893.0,179,1,821.1,0
13894.0,192,1,160.85,0
13895.0,25,2,937.3000000000001,1
13898.0,207,1,155.93,0
13899.0,156,1,298.5,0
13900.0,64,3,740.95,1
13901.0,40,3,2209.39,1
13904.0,176,1,201.12,0
13908.0,8,3,1461.61,1
13911.0,26,8,2437.63,1
13917.0,73,1,65.38,1
13918.0,134,1,198.2,0
13919.0,3,1,213.15,1
13922.0,233,1,172.25,0
13925.0,3,2,496.05,1
13928.0,14,1,104.2,1
13929.0,50,2,842.65,1
13930.0,18,1,210.0,1
13931.0,162,1,378.21000000000004,0
13932.0,176,1,307.4,0
13933.0,30,1,300.99,1
13934.0,145,1,922.1,0
13936.0,61,1,376.58,1
13937.0,50,1,158.85,1
13939.0,193,1,184.5,0
13940.0,25,1,218.62,1
13941.0,53,3,2831.26,1
13946.0,83,2,485.96999999999997,1
13948.0,242,1,102.0,0
13950.0,128,1,179.30999999999997,0
13951.0,57,3,674.45,1
13952.0,99,2,3251.071,1
13953.0,46,4,2250.0,1
13955.0,35,2,322.96,1
13956.0,19,3,680.27,1
13959.0,162,2,337.44,0
13962.0,127,1,117.6,0
13963.0,190,4,664.54,0
13967.0,27,1,80.7,1
13969.0,8,10,3205.13,1
13971.0,60,4,1280.98,1
13972.0,83,1,145.9,1
13973.0,169,1,264.7,0
13975.0,10,4,1497.71,1
13976.0,88,1,357.98,1
13982.0,45,3,1230.1399999999999,1
13983.0,68,8,1681.06,1
13984.0,8,4,819.33,1
13985.0,2,6,2381.36,1
13988.0,44,3,1923.5,1
13989.0,120,1,896.6700000000001,0
13990.0,95,1,311.3,1
13991.0,25,1,126.35,1
13993.0,27,5,2028.41,1
13994.0,29,1,288.57,1
13995.0,23,2,718.7,1
13999.0,17,7,2227.6,1
14000.0,92,1,635.66,1
14001.0,114,2,1309.14,0
14002.0,15,2,529.73,1
14004.0,8,3,2196.36,1
14005.0,15,3,696.56,1
14006.0,122,2,662.09,0
14009.0,79,2,695.61,1
14012.0,159,1,328.8,0
14013.0,27,2,273.8,1
14016.0,43,4,4341.21,1
14019.0,19,1,384.29,1
14021.0,36,3,631.9,1
14022.0,107,1,440.0,0
14023.0,131,1,273.14,0
14024.0,3,2,327.7,1
14029.0,25,1,165.20000000000002,1
14030.0,2,6,1657.5,1
14031.0,8,13,9627.03,1
14032.0,50,6,1845.37,1
14034.0,39,2,473.90999999999997,1
14035.0,149,2,700.58,0
14036.0,166,1,626.65,0
14037.0,58,2,147.20000000000002,1
14038.0,26,2,1086.42,1
14040.0,17,7,2108.01,1
14041.0,148,1,141.41,0
14044.0,27,2,345.18,1
14045.0,219,3,1251.75,0
14046.0,166,1,154.99,0
14047.0,81,3,635.92,1
14048.0,187,1,409.93,0
14049.0,40,3,3285.39,1
14051.0,23,14,7944.64,1
14053.0,6,2,260.25,1
14056.0,3,16,5076.88,1
14057.0,19,10,3599.39,1
14059.0,148,1,183.6,0
14060.0,12,13,3795.82,1
14062.0,26,8,6093.110000000001,1
14064.0,93,3,842.16,1
14066.0,148,1,152.55,0
14068.0,201,1,265.85,0
14071.0,142,2,356.81,0
14075.0,142,1,307.92,0
14076.0,11,1,122.47,1
14077.0,64,3,310.4,1
14078.0,66,5,827.91,1
14079.0,6,1,375.1,1
14081.0,183,2,934.52,0
14082.0,246,1,182.25,0
14083.0,8,7,548.92,1
14085.0,23,12,3248.19,1
14088.0,10,7,25507.89,1
14090.0,206,1,76.32000000000001,0
14092.0,13,9,2437.8,1
14099.0,1,8,2309.92,1
14100.0,19,1,194.9,1
14101.0,24,5,4944.389999999999,1
14104.0,36,2,216.20999999999998,1
14105.0,120,1,1266.23,0
14107.0,57,5,1836.84,1
14110.0,1,5,3259.62,1
14111.0,123,1,94.2,0
14112.0,12,4,1900.82,1
14113.0,236,1,433.5,0
14114.0,155,2,386.53,0
14116.0,3,1,319.97,1
14117.0,25,1,90.0,1
14127.0,4,3,709.71,1
14128.0,137,1,305.54,0
14129.0,142,1,358.90000000000003,0
14130.0,200,1,483.86,0
14132.0,10,4,1214.34,1
14133.0,11,3,605.64,1
14135.0,68,9,2441.46,1
14142.0,254,1,311.81,0
14143.0,15,1,115.8,1
14145.0,38,3,2851.2,1
14146.0,136,2,1903.73,0
14147.0,167,1,182.8,0
14148.0,115,1,157.2,0
14149.0,102,1,446.62,1
14150.0,241,1,306.18,0
14152.0,115,1,314.51,0
14154.0,120,2,1345.62,0
14155.0,148,1,118.75,0
14156.0,2,32,82955.79,2
14157.0,167,1,277.17,0
14159.0,26,6,2184.21,1
14161.0,97,3,1110.52,1
14162.0,55,2,289.36,1
14163.0,34,3,1659.39,1
14165.0,157,1,122.53999999999999,0
14167.0,46,3,402.1,1
14173.0,101,1,114.04,1
14175.0,53,2,1205.99,1
14176.0,179,4,576.9000000000001,0
14177.0,61,1,118.08,1
14178.0,25,2,312.89,1
14180.0,4,20,3975.37,1
14185.0,213,1,197.65,0
14188.0,35,3,1090.3600000000001,1
14189.0,39,9,2477.53,1
14191.0,3,6,1878.99,1
14193.0,151,1,422.53999999999996,0
14194.0,19,10,4527.65,1
14195.0,83,2,1012.0,1
14198.0,26,2,356.95,1
14199.0,100,1,185.39999999999998,1
14201.0,31,5,521.24,1
14205.0,146,1,222.9,0
14206.0,120,1,328.15999999999997,0
14209.0,2,5,1876.33,1
14210.0,79,5,1599.65,1
14211.0,89,5,909.89,1
14214.0,38,3,899.16,1
14215.0,68,4,1098.27,1
14217.0,37,9,1085.0,1
14220.0,129,2,632.4,0
14221.0,31,6,2029.01,1
14222.0,58,1,683.17,1
14223.0,39,2,656.59,1
14224.0,27,3,863.5,1
14226.0,92,2,1709.4,1
14227.0,78,7,2399.52,1
14229.0,173,2,762.13,0
14231.0,65,3,925.71,1
14232.0,19,3,1315.73,1
14233.0,93,3,959.1,1
14235.0,39,4,2802.86,1
14236.0,253,1,189.3,0
14237.0,255,1,161.0,0
14238.0,208,1,146.85,0
14239.0,12,7,1415.54,1
14240.0,107,1,226.85,0
14241.0,65,1,213.70000000000002,1
14242.0,116,2,280.55,0
14243.0,22,7,1990.78,1
14245.0,101,2,1693.45,1
14246.0,19,2,969.87,1
14247.0,160,1,136.76999999999998,0
14248.0,200,1,302.58,0
14256.0,142,2,969.0600000000001,0
14257.0,4,4,2725.84,1
14258.0,33,7,9386.32,1
14259.0,23,1,120.0,1
14262.0,39,2,545.5,1
14264.0,36,2,333.97,1
14265.0,30,1,252.05,1
14267.0,44,3,1516.24,1
14270.0,213,1,492.65000000000003,0
14271.0,107,1,112.32,0
14272.0,136,1,132.09,0
14273.0,18,3,450.05,1
14276.0,62,2,720.4,1
14277.0,94,1,1637.43,1
14280.0,78,1,134.04,1
14282.0,44,7,2251.48,1
14285.0,58,1,5.9,1
14286.0,124,1,2050.08,0
14287.0,80,2,83.28,1
14288.0,95,1,426.6,1
14289.0,16,5,832.78,1
14290.0,243,1,777.5600000000001,0
14291.0,2,7,2355.54,1
14292.0,27,4,2590.21,1
14293.0,28,3,739.41,1
14297.0,156,1,232.6,0
14298.0,5,36,35591.84,2
14299.0,200,4,1565.94,0
14304.0,104,1,383.45,0
14305.0,17,1,1044.2,1
14307.0,16,4,2307.89,1
14309.0,50,6,1310.02,1
14311.0,124,1,310.26,0
14312.0,68,4,854.59,1
14315.0,11,5,1550.15,1
14320.0,88,2,477.79,1
14321.0,58,2,626.93,1
14323.0,120,1,299.82,0
14326.0,124,1,183.85,0
14327.0,45,1,311.65,1
14329.0,45,3,3085.68,1
14331.0,6,2,462.65999999999997,1
14332.0,29,1,119.04,1
14334.0,4,6,2013.51,1
14336.0,80,3,1114.39,1
14338.0,43,2,588.22,1
14339.0,124,1,309.52,0
14340.0,100,1,134.7,1
14341.0,12,6,1139.52,1
14342.0,19,2,419.74,1
14344.0,9,8,889.9300000000001,1
14346.0,2,2,1021.58,1
14348.0,141,1,409.57,0
14350.0,156,1,282.93,0
14351.0,46,1,51.0,1
14352.0,38,4,1078.96,1
14353.0,96,1,90.6,1
14355.0,247,1,174.4,0
14364.0,16,7,3366.25,1
14367.0,19,10,5448.45,1
14368.0,201,1,155.0,0
14371.0,176,1,100.5,0
14373.0,239,1,76.55,0
14375.0,67,1,257.68,1
14377.0,73,2,617.05,1
14379.0,177,1,110.98,0
14383.0,45,1,242.09,1
14386.0,178,1,142.4,0
14388.0,3,5,1835.1100000000001,1
14389.0,72,1,311.14,1
14390.0,26,4,1592.66,1
14393.0,99,1,67.95,1
14395.0,59,6,1966.22,1
14396.0,253,1,110.35000000000001,0
14397.0,8,8,681.04,1
14400.0,30,1,574.7,1
14401.0,10,7,2137.36,1
14403.0,12,4,1475.81,1
14404.0,51,4,1038.28,1
14407.0,15,4,1788.11,1
14408.0,12,5,1996.51,1
14409.0,4,5,1943.73,1
14410.0,23,7,979.98,1
14411.0,192,1,1063.0,0
14413.0,244,1,122.7,0
14414.0,13,3,821.98,1
14415.0,5,8,3339.33,1
14419.0,134,2,307.56,0
14421.0,93,1,455.18,1
14422.0,52,2,1032.15,1
14423.0,100,1,265.2,1
14426.0,22,6,2885.58,1
14428.0,121,2,330.62,0
14431.0,184,1,470.36,0
14437.0,247,1,63.0,0
14438.0,188,1,131.9,0
14439.0,201,1,2661.24,0
14440.0,198,2,1185.71,0
14441.0,137,1,356.84000000000003,0
14442.0,86,2,1589.82,1
14443.0,20,3,991.52,1
14446.0,128,1,303.04,0
14447.0,78,2,601.03,1
14448.0,245,1,102.35000000000001,0
14449.0,128,2,401.3,0
14450.0,62,3,483.25,1
14451.0,76,1,360.0,1
14453.0,72,1,119.93,1
14456.0,13,3,636.65,1
14457.0,192,1,113.64,0
14459.0,37,1,1837.92,1
14460.0,53,2,276.53999999999996,1
14461.0,29,3,2103.06,1
14462.0,2,9,1534.1,1
14463.0,52,2,309.42,1
14465.0,128,3,1058.6200000000001,0
14466.0,68,4,1345.7,1
14467.0,194,1,131.7,0
14470.0,169,1,297.64,0
14472.0,13,7,1794.1,1
14473.0,164,1,85.0,0
14475.0,68,2,622.17,1
14476.0,138,1,215.7,0
14477.0,66,2,523.0,1
14479.0,135,2,316.25,0
14481.0,46,2,636.51,1
14482.0,120,1,238.1,0
14483.0,163,1,137.1,0
14487.0,250,1,125.10000000000001,0
14489.0,89,1,463.38,1
14491.0,57,2,340.93,1
14493.0,36,1,611.22,1
14495.0,3,1,40.599999999999994,1
14496.0,193,2,538.8100000000001,0
14497.0,190,1,475.37,0
14498.0,31,3,921.7,1
14499.0,15,2,370.96000000000004,1
14500.0,71,1,284.85,1
14501.0,65,2,251.21,1
14502.0,31,7,1176.01,1
14503.0,60,1,597.07,1
14504.0,124,3,542.71,0
14505.0,86,5,3192.76,1
14506.0,43,3,831.66,1
14507.0,97,3,615.31,1
14511.0,15,1,138.16,1
14512.0,69,2,275.28,1
14513.0,88,2,317.35,1
14514.0,83,2,403.11,1
14515.0,73,2,765.65,1
14517.0,23,1,252.45,1
14520.0,172,1,165.0,0
14522.0,79,1,278.63,1
14524.0,60,5,1052.72,1
14525.0,1,6,2701.5,1
14527.0,3,37,4900.03,1
14530.0,10,4,2021.27,1
14532.0,118,4,932.85,0
14533.0,234,1,433.5,0
14534.0,1,13,2904.05,1
14535.0,9,2,1653.91,1
14536.0,141,1,171.8,0
14538.0,138,1,106.5,0
14540.0,191,1,195.9,0
14541.0,50,7,1315.65,1
14542.0,67,1,103.25,1
14543.0,8,12,2964.2,1
14544.0,243,1,1121.92,0
14546.0,83,2,874.88,1
14548.0,32,2,652.8,1
14549.0,193,1,289.24,0
14551.0,85,1,125.43,1
14552.0,33,1,165.07,1
14553.0,100,2,312.32,1
14555.0,183,1,197.94,0
14560.0,16,11,1322.8,1
14561.0,44,2,566.99,1
14562.0,8,6,1985.3500000000001,1
14565.0,87,2,1877.55,1
14567.0,12,1,800.76,1
14570.0,162,2,218.06,0
14572.0,28,4,1478.69,1
14573.0,61,9,1653.42,1
14576.0,253,1,35.400000000000006,0
14577.0,45,3,646.64,1
14583.0,26,4,787.64,1
14584.0,50,4,1042.26,1
14586.0,158,1,237.36,0
14587.0,66,8,1473.53,1
14589.0,253,1,39.75,0
14591.0,95,1,250.22,1
14593.0,80,2,339.59,1
14594.0,255,1,255.0,0
14595.0,195,1,163.8,0
14597.0,73,1,165.1,1
14600.0,187,1,393.33000000000004,0
14603.0,156,1,660.0,0
14606.0,5,65,8867.38,2
14607.0,143,1,495.0,0
14608.0,244,1,204.0,0
14609.0,24,3,486.36,1
14616.0,124,3,406.08000000000004,0
14618.0,219,1,211.8,0
14619.0,127,1,394.44,0
14620.0,87,2,412.78000000000003,1
14621.0,38,3,1002.91,1
14622.0,66,1,320.58000000000004,1
14623.0,68,2,397.86,1
14625.0,77,2,899.63,1
14626.0,4,2,1571.29,1
14628.0,124,1,331.58000000000004,0
14631.0,116,2,630.08,0
14632.0,144,1,114.56,0
14633.0,147,1,344.90000000000003,0
14636.0,150,1,300.19,0
14639.0,2,4,1989.23,1
14640.0,9,4,1501.06,1
14643.0,52,2,693.8100000000001,1
14644.0,180,1,187.50000000000003,0
14645.0,38,2,597.09,1
14646.0,1,37,168503.1,2
14647.0,83,1,243.22,1
14649.0,94,2,584.22,1
14651.0,92,1,416.32,1
14653.0,220,1,344.81,0
14655.0,104,1,810.56,0
14656.0,51,2,291.05,1
14657.0,36,3,638.94,1
14659.0,27,6,1641.55,1
14662.0,116,3,524.86,0
14665.0,178,3,731.66,0
14667.0,8,16,5239.37,1
14669.0,123,3,1269.99,0
14670.0,162,2,411.53,0
14672.0,116,2,765.55,0
14673.0,249,1,373.49,0
14676.0,29,4,1690.92,1
14680.0,3,13,24196.4,1
14681.0,93,1,393.95,1
14682.0,69,2,52.0,1
14684.0,97,2,519.26,1
14688.0,11,15,3852.54,1
14689.0,90,1,112.8,1
14690.0,33,1,216.71,1
14691.0,94,1,439.6,1
14692.0,19,4,591.55,1
14693.0,146,1,172.9,0
14696.0,1,5,1458.54,1
14697.0,99,2,188.60999999999999,1
14699.0,96,1,109.13000000000001,1
14700.0,71,2,1557.6,1
14701.0,54,7,1958.28,1
14702.0,36,8,1497.55,1
14704.0,24,2,221.16,1
14705.0,80,1,179.0,1
14708.0,35,2,701.1800000000001,1
14709.0,12,7,2817.54,1
14711.0,43,7,1915.85,1
14713.0,8,8,1821.8799999999999,1
14715.0,180,2,247.45,0
14716.0,30,1,188.56,1
14719.0,61,2,488.12,1
14720.0,8,1,155.8,1
14722.0,29,1,187.92000000000002,1
14723.0,239,3,471.0,0
14727.0,156,1,268.58,0
14729.0,255,1,313.49,0
14730.0,60,4,767.07,1
14731.0,87,2,251.01999999999998,1
14732.0,25,5,1618.3,1
14733.0,26,10,8727.22,1
14735.0,15,21,3374.03,1
14737.0,10,2,1081.75,1
14738.0,15,5,757.6500000000001,1
14739.0,101,3,1307.6200000000001,1
14740.0,78,3,1448.21,1
14741.0,46,3,668.86,1
14744.0,179,5,928.03,0
14745.0,23,4,940.5,1
14747.0,131,1,328.2,0
14748.0,5,4,1118.77,1
14754.0,177,1,228.26999999999998,0
14755.0,23,6,2552.18,1
14758.0,26,4,1484.06,1
14759.0,114,1,572.25,0
14760.0,178,1,89.2,0
14761.0,216,1,97.5,0
14762.0,145,1,300.52,0
14765.0,57,1,80.5,1
14766.0,50,4,1531.32,1
14768.0,9,1,133.20000000000002,1
14769.0,23,5,6175.28,1
14770.0,114,2,876.42,0
14775.0,19,2,701.46,1
14776.0,25,7,1671.12,1
14778.0,8,2,730.86,1
14779.0,162,3,386.15,0
14782.0,201,1,200.10000000000002,0
14784.0,205,1,114.68,0
14790.0,1,2,364.04,1
14794.0,85,4,679.54,1
14795.0,48,1,131.45000000000002,1
14796.0,19,12,5132.99,1
14798.0,26,2,97.4,1
14800.0,20,8,3676.72,1
14803.0,44,3,845.55,1
14805.0,195,1,109.25,0
14808.0,26,6,1846.31,1
14810.0,27,9,1517.1,1
14813.0,251,2,155.43,0
14816.0,79,1,271.85,1
14817.0,82,2,1110.34,1
14818.0,51,2,409.63,1
14819.0,74,1,84.72,1
14820.0,55,1,139.77,1
14821.0,248,1,48.800000000000004,0
14823.0,62,3,321.43,1
14825.0,9,7,1339.3700000000001,1
14828.0,78,3,2139.76,1
14829.0,66,3,531.63,1
14834.0,2,2,429.3,1
14837.0,48,2,957.44,1
14840.0,149,1,62.85,0
14841.0,61,4,2375.57,1
14842.0,73,2,1688.48,1
14844.0,5,3,2257.6800000000003,1
14847.0,30,1,309.4,1
14849.0,1,15,5025.25,1
14850.0,193,1,325.75,0
14851.0,138,1,206.13,0
14852.0,22,4,1634.21,1
14853.0,93,1,214.5,1
14854.0,14,6,2301.63,1
14855.0,1,2,645.65,1
14857.0,30,1,522.52,1
14859.0,86,1,296.86,1
14862.0,30,1,304.09999999999997,1
14865.0,253,1,37.2,0
14866.0,17,3,223.1,1
14867.0,67,3,710.28,1
14868.0,2,4,1297.07,1
14870.0,143,1,327.25,0
14871.0,60,3,354.75,1
14873.0,92,1,519.68,1
14875.0,144,1,362.0,0
14878.0,55,6,1083.02,1
14880.0,67,2,363.27,1
14883.0,45,2,358.48,1
14885.0,13,1,765.3199999999999,1
14886.0,134,1,364.8,0
14888.0,89,1,369.2,1
14889.0,218,1,135.9,0
14890.0,135,1,125.65,0
14891.0,29,2,554.38,1
14895.0,27,8,5208.79,1
14896.0,86,2,468.77000000000004,1
14897.0,178,1,175.5,0
14898.0,16,5,1011.3,1
14901.0,4,4,656.6899999999999,1
14903.0,6,4,2411.82,1
14905.0,39,2,616.15,1
14907.0,29,4,1931.82,1
14911.0,1,100,71354.65,2
14912.0,128,1,482.78999999999996,0
14913.0,65,3,917.15,1
14915.0,159,1,142.28,0
14916.0,31,2,701.28,1
14918.0,36,1,765.4200000000001,1
14920.0,94,2,977.77,1
14921.0,83,1,903.01,1
14924.0,127,1,310.05,0
14930.0,156,1,1104.13,0
14931.0,87,2,586.0,1
14932.0,247,1,363.53,0
14934.0,164,1,828.84,0
14935.0,179,1,1784.71,0
14936.0,57,2,3636.39,1
14937.0,12,1,759.56,1
14944.0,26,6,2507.73,1
14947.0,12,1,178.5,1
14948.0,19,2,543.67,1
14952.0,88,7,3534.61,1
14957.0,134,1,58.49,0
14958.0,29,3,499.68,1
14959.0,97,2,422.38,1
14960.0,53,1,88.3,1
14961.0,35,6,3906.98,1
14962.0,152,1,126.7,0
14963.0,65,1,294.2,1
14964.0,129,1,206.21,0
14970.0,19,3,1119.75,1
14972.0,10,1,114.77,1
14973.0,15,2,1011.49,1
14976.0,77,3,450.26,1
14978.0,117,4,1537.28,0
14981.0,128,1,102.12,0
14984.0,62,1,110.17999999999999,1
14985.0,80,2,296.75,1
14987.0,247,1,163.2,0
14988.0,93,1,334.54,1
14995.0,162,1,119.31,0
14997.0,59,1,155.28,1
14998.0,51,2,429.87,1
15002.0,178,3,1147.5900000000001,0
15004.0,29,1,1246.32,1
15005.0,9,18,4089.87,1
15007.0,40,1,156.91,1
15012.0,255,1,191.06,0
15014.0,57,1,117.72999999999999,1
15016.0,54,1,170.04,1
15018.0,134,2,291.34000000000003,0
15019.0,148,1,266.0,0
15021.0,38,5,1119.08,1
15023.0,16,7,4439.44,1
15024.0,11,4,757.69,1
15026.0,122,2,230.78,0
15027.0,50,3,966.9699999999999,1
15028.0,250,1,185.97,0
15030.0,149,1,152.76,0
15031.0,164,1,150.83,0
15032.0,138,3,4959.1,0
15033.0,4,5,1381.68,1
15034.0,114,5,2664.83,1
15036.0,59,2,245.69,1
15038.0,69,4,517.45,1
15039.0,10,34,16937.6,2
15041.0,51,1,180.35,1
15042.0,80,1,135.93,1
15044.0,18,13,5202.28,1
15045.0,33,2,735.66,1
15046.0,9,10,3863.33,1
15047.0,151,1,343.62,0
15048.0,102,2,256.45,1
15049.0,155,1,121.17000000000002,0
15051.0,31,1,377.74,1
15052.0,200,1,215.78,0
15053.0,38,2,478.6,1
15057.0,157,2,1489.5,0
15058.0,6,7,1245.66,1
15059.0,52,5,732.93,1
15061.0,9,37,36575.0,2
15062.0,99,3,814.04,1
15063.0,95,1,370.79999999999995,1
15065.0,46,3,2858.75,1
15067.0,164,1,848.05,0
15068.0,138,1,239.95999999999998,0
15069.0,61,1,1109.53,1
15070.0,254,1,106.2,0
15071.0,157,1,588.6700000000001,0
15073.0,67,2,861.96,1
15076.0,54,1,880.85,1
15078.0,4,19,5803.55,1
15079.0,94,4,895.61,1
15081.0,90,2,248.05,1
15083.0,138,1,88.2,0
15087.0,163,1,306.94,0
15089.0,10,1,1221.56,1
15090.0,190,1,381.32,0
15092.0,97,2,457.81,1
15093.0,88,4,3396.68,1
15095.0,17,2,1037.82,1
15098.0,63,3,39916.5,1
15100.0,215,3,876.0,0
15101.0,241,1,102.28,0
15104.0,78,2,1027.44,1
15105.0,16,1,532.98,1
15106.0,22,3,1032.83,1
15107.0,193,6,319.5,0
15108.0,23,4,1300.25,1
15109.0,127,1,484.95,0
15110.0,8,2,376.55,1
15111.0,254,1,288.5,0
15114.0,29,5,1162.87,1
15116.0,16,2,790.97,1
15117.0,2,2,675.73,1
15118.0,16,1,244.8,1
15119.0,127,1,266.4,0
15120.0,15,1,358.82,1
15121.0,170,1,295.15,0
15122.0,85,2,930.61,1
15123.0,88,1,1069.47,1
15124.0,73,1,90.75,1
15125.0,17,11,9794.6,1
15128.0,8,3,1170.24,1
15129.0,8,9,2490.73,1
15130.0,51,1,330.11,1
15132.0,81,2,489.87,1
15133.0,9,3,982.42,1
15134.0,9,4,614.86,1
15135.0,120,1,139.05,0
15139.0,121,2,178.96,0
15140.0,80,3,1127.45,1
15143.0,107,1,259.45,0
15144.0,19,8,2462.04,1
15145.0,108,2,724.03,0
15146.0,46,2,1327.16,1
15147.0,121,1,623.5,0
15149.0,15,1,520.8000000000001,1
15150.0,10,4,1915.31,1
15152.0,5,5,2080.0,1
15157.0,36,2,1505.37,1
15159.0,18,17,7575.39,1
15160.0,239,1,158.16,0
15163.0,74,1,155.0,1
15164.0,90,2,368.18,1
15165.0,255,1,487.75,0
15167.0,202,1,163.0,0
15171.0,212,1,1289.5,0
15172.0,17,3,886.74,1
15174.0,204,1,135.75,0
15178.0,142,1,40.5,0
15179.0,115,3,1455.12,0
15180.0,249,1,87.5,0
15181.0,57,2,434.99999999999994,1
15182.0,36,2,622.85,1
15184.0,72,1,235.23000000000002,1
15186.0,50,1,229.26,1
15187.0,11,4,1552.04,1
15189.0,5,25,9299.68,1
15192.0,1,3,1044.32,1
15194.0,8,11,4469.53,1
15197.0,134,2,773.25,0
15198.0,6,1,107.64,1
15199.0,117,2,657.15,0
15201.0,8,4,933.26,1
15203.0,18,3,994.88,1
15204.0,239,1,316.58,0
15205.0,8,1,476.29999999999995,1
15206.0,27,2,53.10000000000001,1
15208.0,45,2,323.52,1
15210.0,106,1,331.18,0
15211.0,246,1,383.07,0
15212.0,123,1,101.8,0
15213.0,200,2,328.35,0
15214.0,65,2,651.63,1
15218.0,19,6,3160.05,1
15219.0,57,1,305.75,1
15220.0,51,4,946.81,1
15221.0,248,1,403.25,0
15222.0,200,1,585.0,0
15223.0,107,2,755.75,0
15224.0,240,2,322.08,0
15225.0,116,1,409.40000000000003,0
15226.0,192,1,154.41,0
15227.0,97,3,876.8199999999999,1
15228.0,11,3,2224.03,1
15230.0,121,2,429.6,0
15232.0,22,1,310.36,1
15234.0,158,1,197.0,0
15235.0,99,12,2247.51,1
15236.0,180,1,321.05,0
15237.0,85,2,1093.65,1
15238.0,65,1,300.14,1
15240.0,73,3,1045.38,1
15241.0,8,6,1344.86,1
15244.0,130,1,297.94,0
15245.0,15,3,2515.84,1
15246.0,120,2,514.15,0
15247.0,4,1,356.0,1
15249.0,1,8,4660.47,1
15251.0,8,6,7203.52,1
15252.0,65,1,300.55,1
15253.0,51,1,173.85,1
15254.0,9,1,300.36,1
15256.0,30,1,98.45,1
15257.0,165,1,317.15,0
15258.0,50,2,623.16,1
15260.0,23,6,1615.6200000000001,1
15261.0,17,1,254.82,1
15262.0,205,1,178.95000000000002,0
15265.0,33,2,1506.1200000000001,1
15266.0,220,1,119.3,0
15267.0,37,2,1407.76,1
15270.0,120,4,1313.75,0
15271.0,11,8,1230.56,1
15279.0,236,1,290.51,0
15280.0,53,1,113.12,1
15281.0,18,8,2191.78,1
15288.0,37,4,2006.3600000000001,1
15289.0,19,2,697.98,1
15290.0,10,10,3016.0899999999997,1
15291.0,54,11,3306.27,1
15292.0,83,1,180.94,1
15296.0,57,4,2091.49,1
15298.0,24,6,2767.2,1
15299.0,45,5,3035.01,1
15301.0,29,8,3223.96,1
15303.0,172,1,574.02,0
15304.0,46,6,491.90000000000003,1
15306.0,30,1,344.62,1
15308.0,156,1,310.47,0
15311.0,3,60,42401.68,2
15312.0,97,2,607.9,1
15314.0,81,1,327.97,1
15316.0,208,1,165.0,0
15319.0,165,1,204.5,0
15321.0,173,1,1159.47,0
15326.0,215,1,311.71,0
15329.0,15,2,754.0,1
15332.0,248,4,1661.06,0
15333.0,90,1,1028.56,1
15334.0,38,3,351.67,1
15339.0,200,1,257.9,0
15342.0,11,1,406.09,1
15346.0,214,1,252.42000000000002,0
15347.0,247,1,201.60000000000002,0
15349.0,39,2,473.81,1
15350.0,255,1,115.65,0
15351.0,251,1,274.67,0
15353.0,136,2,777.02,0
15356.0,37,7,1977.72,1
15358.0,2,15,5639.81,1
15361.0,243,1,418.92,0
15363.0,254,1,326.0,0
15364.0,136,1,331.80000000000007,0
15365.0,197,1,208.61,0
15366.0,239,1,105.54,0
15367.0,127,2,1416.18,0
15370.0,22,4,1513.46,1
15372.0,18,1,2007.3999999999999,1
15373.0,55,7,1520.3,1
15374.0,10,1,168.0,1
15376.0,104,1,654.17,0
15379.0,51,7,3703.29,1
15380.0,22,2,582.5600000000001,1
15381.0,95,2,596.85,1
15382.0,66,4,2127.12,1
15384.0,51,2,642.41,1
15386.0,68,1,394.14,1
15388.0,152,1,140.54,0
15389.0,53,1,500.0,1
15392.0,241,1,338.98,0
15393.0,162,1,124.10000000000001,0
15394.0,86,2,1436.44,1
15395.0,207,1,107.45,0
15397.0,171,1,94.0,0
15400.0,9,3,544.0,1
15402.0,30,2,626.77,1
15405.0,71,1,349.1,1
15406.0,182,1,252.29,0
15407.0,65,3,740.73,1
15408.0,146,1,267.18,0
15410.0,11,6,2702.67,1
15411.0,6,2,382.21,1
15412.0,52,1,190.53,1
15414.0,124,1,36.2,0
15415.0,195,1,572.8100000000001,0
15416.0,36,3,3144.33,1
15421.0,97,3,739.36,1
15422.0,204,2,97.7,0
15424.0,136,2,383.34,0
15426.0,138,2,662.98,0
15433.0,95,2,533.3,1
15434.0,82,1,306.96,1
15436.0,115,1,489.05,0
15437.0,144,1,200.16,0
15438.0,13,1,156.57999999999998,1
15440.0,18,2,237.66,1
15442.0,130,1,594.0,0
15443.0,202,1,437.71,0
15445.0,146,1,113.5,0
15447.0,212,1,155.17,0
15448.0,194,1,494.64,0
15449.0,66,2,647.7,1
15452.0,146,1,247.25,0
15453.0,13,3,485.01,1
15454.0,244,1,179.1,0
15456.0,165,3,447.22,0
15457.0,143,1,237.07,0
15460.0,235,1,216.76,0
15462.0,25,2,169.8,1
15464.0,219,1,1048.85,0
15465.0,20,15,5992.129999999999,1
15467.0,26,2,402.56,1
15469.0,1,1,304.3,1
15482.0,47,4,2103.5,1
15483.0,43,4,233.81,1
15485.0,217,2,1278.63,0
15489.0,93,1,348.26,1
15491.0,61,4,2409.95,1
15493.0,31,3,1318.75,1
15494.0,2,1,1127.38,1
15497.0,201,1,970.6,0
15498.0,2,19,9126.37,1
15502.0,5,5,5955.53,1
15503.0,244,1,147.09,0
15505.0,8,2,1446.18,1
15506.0,20,1,209.35,1
15507.0,53,1,492.36,1
15508.0,70,6,1000.27,1
15510.0,212,1,250.0,0
15512.0,37,2,121.0,1
15513.0,18,14,8705.91,1
15514.0,107,6,2561.94,1
15517.0,115,1,267.03,0
15518.0,6,7,1624.76,1
15521.0,29,5,2116.98,1
15525.0,255,1,313.93,0
15527.0,26,5,1330.79,1
15528.0,135,1,229.33,0
15529.0,24,8,2399.08,1
15530.0,31,3,1168.73,1
15532.0,13,3,1225.79,1
15535.0,54,4,536.4,1
15537.0,45,1,110.92,1
15543.0,169,1,127.86,0
15544.0,1,7,2772.37,1
15545.0,252,1,135.32999999999998,0
15547.0,75,7,2404.53,1
15549.0,39,2,1631.68,1
15550.0,51,2,279.03999999999996,1
15552.0,99,1,90.12,1
15554.0,159,1,217.2,0
15555.0,39,9,2555.21,1
15561.0,31,3,449.66999999999996,1
15562.0,233,1,134.55,0
15563.0,82,2,735.62,1
15569.0,13,3,886.11,1
15570.0,23,9,2826.68,1
15572.0,130,3,876.04,0
15574.0,59,4,702.25,1
15577.0,32,3,258.88,1
15578.0,44,1,127.1,1
15579.0,195,1,199.6,0
15581.0,2,13,3679.9700000000003,1
15582.0,102,1,303.61,1
15584.0,43,1,154.65,1
15585.0,58,1,455.3,1
15587.0,24,2,456.84,1
15589.0,137,3,478.53000000000003,0
15594.0,116,1,267.91,0
15596.0,96,4,1389.69,1
15599.0,86,1,448.83,1
15601.0,4,11,5585.46,1
15602.0,82,5,542.95,1
15605.0,134,3,690.1800000000001,0
15606.0,1,8,2439.38,1
15607.0,218,1,104.76,0
15608.0,2,1,285.68,1
15609.0,66,1,298.48,1
15611.0,45,6,546.67,1
15615.0,3,16,6436.72,1
15618.0,18,1,222.831,1
15620.0,102,2,875.01,1
15622.0,79,5,2602.0,1
15623.0,22,1,301.03,1
15624.0,17,3,520.03,1
15625.0,12,3,1246.4099999999999,1
15626.0,211,1,281.88,0
15628.0,10,4,1313.55,1
15630.0,86,1,396.86,1
15632.0,3,6,2351.84,1
15636.0,164,1,306.7,0
15639.0,16,1,425.32,1
15640.0,3,11,8919.34,1
15641.0,142,3,1305.38,0
15643.0,73,3,664.0,1
15644.0,48,4,813.0,1
15646.0,39,3,447.64000000000004,1
15648.0,85,2,657.35,1
15649.0,218,2,816.0,0
15651.0,142,1,227.32,0
15655.0,124,1,560.67,0
15656.0,60,3,563.63,1
15658.0,72,5,1024.1000000000001,1
15660.0,17,6,884.34,1
15661.0,199,2,309.8,0
15665.0,50,2,2242.01,1
15668.0,99,1,76.32000000000001,1
15669.0,57,2,434.74,1
15670.0,178,1,173.05,0
15671.0,7,4,1334.49,1
15673.0,38,3,2104.39,1
15674.0,95,4,1379.66,1
15675.0,36,2,225.39,1
15676.0,165,1,897.8,0
15679.0,36,2,260.26,1
15680.0,248,1,478.89,0
15681.0,64,3,703.22,1
15687.0,68,5,1679.45,1
15689.0,1,2,254.1,1
15691.0,134,1,136.8,0
15694.0,57,9,3305.78,1
15695.0,148,2,409.98,0
15696.0,102,6,1637.9,1
15700.0,53,2,696.68,1
15703.0,146,1,211.5,0
15704.0,22,4,2293.62,1
15705.0,82,1,143.1,1
15708.0,20,6,2700.43,1
15709.0,165,1,133.25,0
15712.0,64,2,458.65000000000003,1
15713.0,25,2,356.7,1
15716.0,27,4,1118.81,1
15717.0,116,1,150.3,0
15719.0,8,10,3553.5,1
15722.0,69,2,770.65,1
15723.0,246,1,203.1,0
15724.0,83,2,218.25,1
15727.0,25,5,3721.82,1
15729.0,94,1,85.0,1
15730.0,88,1,467.43,1
15732.0,94,2,294.12,1
15733.0,164,1,162.3,0
15734.0,82,1,578.6500000000001,1
15737.0,29,5,897.9300000000001,1
15738.0,38,11,3231.26,1
15743.0,66,1,322.55,1
15745.0,118,1,302.85,0
15746.0,16,1,196.88,1
15747.0,2,2,549.47,1
15749.0,117,3,44534.3,2
15750.0,52,4,1109.83,1
15752.0,31,4,1288.43,1
15753.0,186,1,79.2,0
15754.0,128,1,91.8,0
15755.0,117,2,620.73,0
15756.0,34,3,364.84,1
15757.0,99,1,261.36,1
15759.0,100,3,253.04,1
15764.0,66,3,1694.52,1
15768.0,85,2,479.15,1
15769.0,37,15,33374.72,2
15775.0,127,1,104.9,0
15776.0,15,1,241.62,1
15777.0,122,4,1047.11,0
15780.0,65,3,475.28000000000003,1
15781.0,19,2,211.3,1
15785.0,39,4,1665.83,1
15789.0,240,1,351.3,0
15791.0,86,1,1223.24,1
15793.0,150,1,306.64,0
15795.0,31,1,610.01,1
15796.0,69,4,1249.92,1
15797.0,95,3,1840.2,1
15799.0,66,2,481.24,1
15800.0,128,1,244.5,0
15802.0,24,1,451.42,1
15804.0,13,3,1644.43,1
15805.0,57,10,2997.75,1
15806.0,39,2,521.88,1
15808.0,188,4,3734.9700000000003,0
15809.0,65,4,399.21,1
15810.0,52,3,1361.19,1
15811.0,87,4,1294.84,1
15812.0,33,4,1587.24,1
15813.0,89,2,1303.9099999999999,1
15815.0,22,4,1874.7,1
15819.0,13,3,1585.47,1
15820.0,201,1,206.98,0
15822.0,241,1,440.2,0
15823.0,254,1,15.0,0
15825.0,54,1,532.94,1
15826.0,92,1,720.0,1
15827.0,22,12,1375.71,1
15829.0,22,1,325.44,1
15831.0,6,2,451.11,1
15832.0,135,1,836.79,0
15834.0,47,3,1791.82,1
15835.0,19,3,675.51,1
15838.0,3,11,13673.5,1
15839.0,29,1,299.18,1
15840.0,54,1,241.74,1
15841.0,100,2,613.26,1
15843.0,185,1,118.95000000000002,0
15845.0,26,5,2526.76,1
15847.0,169,1,180.68,0
15850.0,50,1,118.88,1
15852.0,68,2,160.71,1
15854.0,22,9,2393.69,1
15855.0,18,5,712.24,1
15856.0,21,11,8515.210000000001,1
15858.0,171,2,816.22,0
15860.0,6,5,654.28,1
15861.0,16,3,1130.0,1
15862.0,86,2,491.01,1
15863.0,74,1,9.2,1
15864.0,58,2,414.26,1
15865.0,95,1,313.93,1
15867.0,25,11,2623.9,1
15869.0,158,2,149.64,0
15874.0,59,6,2207.75,1
15880.0,251,1,343.28000000000003,0
15881.0,193,5,501.39000000000004,0
15882.0,80,4,516.36,1
15885.0,190,1,15.0,0
15889.0,38,2,446.87,1
15891.0,108,1,524.52,0
15894.0,135,2,263.55,0
15895.0,31,1,179.17,1
15897.0,76,2,222.05,1
15898.0,108,4,1002.99,1
15899.0,250,1,56.25,0
15901.0,36,1,110.49,1
15903.0,109,2,641.6400000000001,0
15906.0,26,4,797.71,1
15907.0,58,2,529.52,1
15909.0,55,1,191.94,1
15910.0,88,4,550.61,1
15912.0,60,2,264.62,1
15916.0,73,5,848.53,1
15917.0,129,1,123.1,0
15918.0,72,2,334.23,1
15919.0,250,1,270.72,0
15920.0,35,4,167.5,1
15921.0,54,1,336.03000000000003,1
15922.0,255,1,369.5,0
15923.0,254,1,127.08,0
15925.0,75,1,207.15,1
15932.0,46,5,1583.3700000000001,1
15935.0,121,2,416.86,0
15938.0,83,4,335.3,1
15939.0,16,12,5610.85,1
15940.0,192,1,35.8,0
15942.0,15,1,337.44,1
15944.0,158,1,325.1,0
15945.0,247,1,181.0,0
15950.0,241,1,428.82000000000005,0
15951.0,167,1,375.16999999999996,0
15952.0,41,2,327.8,1
15953.0,93,4,826.14,1
15955.0,1,6,1981.1100000000001,1
15965.0,249,1,156.19,0
15967.0,200,1,173.8,0
15969.0,67,1,308.7,1
15970.0,185,1,314.1,0
15971.0,22,6,1818.05,1
15973.0,248,1,307.82000000000005,0
15974.0,15,5,2547.13,1
15976.0,47,2,430.94,1
15980.0,136,1,760.18,0
15981.0,19,6,2458.2,1
15983.0,242,3,1148.27,0
15984.0,115,5,782.08,1
15985.0,4,2,1142.42,1
15987.0,2,6,1206.42,1
15990.0,168,1,401.37,0
15996.0,47,4,796.3,1
15998.0,53,3,2112.06,1
16003.0,16,3,1793.9,1
16005.0,64,2,298.08,1
16006.0,93,1,101.4,1
16007.0,62,2,733.45,1
16008.0,86,1,139.15,1
16009.0,41,1,462.19,1
16010.0,127,3,407.5,0
16011.0,1,10,1725.28,1
16012.0,10,2,1132.12,1
16013.0,1,31,19479.82,2
16014.0,33,2,529.9300000000001,1
16016.0,78,4,817.57,1
16018.0,62,1,161.9,1
16019.0,18,7,2952.25,1
16022.0,142,1,628.28,0
16023.0,74,2,500.69,1
16027.0,19,5,776.22,1
16029.0,8,43,43933.86,2
16030.0,191,1,331.24,0
16031.0,129,1,305.63,0
16033.0,19,14,4559.47,1
16034.0,77,3,437.7,1
16036.0,145,1,188.73,0
16037.0,151,3,855.02,0
16038.0,59,2,393.33,1
16040.0,29,2,876.1800000000001,1
16041.0,22,2,2739.8,1
16042.0,214,1,24.95,0
16043.0,93,3,676.49,1
16045.0,1,4,1340.7,1
16048.0,254,2,256.44,0
16050.0,55,1,137.9,1
16053.0,4,1,1124.19,1
16054.0,27,1,783.9,1
16055.0,102,1,134.8,0
16057.0,93,3,1059.54,1
16059.0,45,4,951.3000000000001,1
16062.0,15,3,778.14,1
16063.0,142,1,335.32,0
16065.0,247,1,372.09,0
16066.0,6,1,316.38,1
16072.0,170,1,584.3199999999999,0
16073.0,178,1,122.39999999999999,0
16076.0,2,3,887.8000000000001,1
16078.0,165,1,79.2,0
16080.0,156,1,130.26,0
16081.0,67,3,992.37,1
16083.0,242,1,337.98,0
16084.0,180,1,436.18,0
16085.0,118,2,325.04,0
16086.0,81,3,587.0600000000001,1
16091.0,36,2,315.06,1
16092.0,78,2,593.73,1
16094.0,101,1,252.1,1
16096.0,146,1,320.62,0
16097.0,122,1,185.04999999999998,0
16098.0,9,6,1712.49,1
16099.0,19,2,592.1,1
16102.0,10,1,839.76,1
16103.0,39,4,1156.4,1
16105.0,130,1,336.96,0
16107.0,22,2,851.7,1
16109.0,100,2,611.88,1
16110.0,144,2,693.93,0
16112.0,25,4,195.73999999999998,1
16113.0,64,1,161.38,1
16114.0,52,1,135.75000000000003,1
16115.0,62,4,658.66,1
16116.0,93,1,612.78,1
16117.0,71,1,232.21,1
16121.0,97,1,287.89,1
16122.0,214,2,249.84,0
16124.0,199,1,249.0,0
16125.0,248,1,289.35,0
16126.0,66,2,1844.0,1
16128.0,25,2,694.7,1
16131.0,88,2,1664.52,1
16133.0,2,18,9080.73,1
16134.0,241,1,283.53000000000003,0
16135.0,144,1,517.55,0
16136.0,159,1,159.3,0
16139.0,88,1,139.79999999999998,1
16140.0,253,1,124.14,0
16142.0,131,1,535.34,0
16143.0,94,4,1574.17,1
16144.0,128,1,175.2,0
16145.0,5,7,2282.3,1
16146.0,39,3,734.13,1
16147.0,15,1,375.0,1
16148.0,178,1,76.32000000000001,0
16149.0,24,1,163.68,1
16150.0,10,3,1408.7,1
16152.0,150,1,1829.04,0
16153.0,67,3,700.1,1
16156.0,33,5,1445.17,1
16159.0,163,1,348.2,0
16161.0,22,12,3063.7,1
16162.0,134,1,37.4,0
16163.0,114,2,856.6,0
16168.0,10,13,1992.22,1
16170.0,16,4,1249.87,1
16172.0,11,3,800.35,1
16174.0,8,3,1009.5500000000001,1
16175.0,50,3,736.89,1
16178.0,19,1,197.9,1
16180.0,9,7,8529.38,1
16182.0,11,3,4844.0,1
16184.0,14,3,564.82,1
16185.0,114,1,335.0,0
16186.0,1,8,2330.75,1
16187.0,9,9,3898.44,1
16188.0,22,3,755.03,1
16191.0,144,8,2615.68,0
16193.0,118,1,314.45,0
16200.0,45,1,550.57,1
16202.0,242,1,365.27,0
16203.0,29,3,378.3,1
16205.0,61,1,112.35,1
16206.0,6,3,409.86,1
16208.0,171,1,497.59,0
16209.0,1,4,2116.9,1
16210.0,94,9,10593.210000000001,1
16212.0,165,1,498.15000000000003,0
16214.0,52,3,1062.75,1
16216.0,148,1,914.9300000000001,0
16217.0,117,2,304.25,0
16218.0,20,5,2180.76,1
16221.0,157,2,315.37,0
16222.0,200,1,846.72,0
16224.0,22,3,865.88,1
16225.0,31,4,953.64,1
16226.0,85,3,255.12,1
16227.0,107,1,314.22,0
16229.0,94,1,358.2,1
16230.0,71,2,542.03,1
16232.0,25,3,725.04,1
16233.0,211,2,326.5,0
16235.0,68,3,665.29,1
16239.0,71,1,347.9,1
16241.0,3,7,1324.9,1
16242.0,47,3,846.59,1
16244.0,93,2,1522.75,1
16245.0,3,2,769.7,1
16247.0,52,1,114.56,1
16249.0,19,3,1352.27,1
16250.0,143,2,389.44,0
16253.0,137,1,1700.4,0
16255.0,13,6,1797.75,1
16256.0,148,1,752.4300000000001,0
16257.0,58,1,46.95,1
16258.0,9,4,3741.06,1
16261.0,127,1,254.96,0
16265.0,40,6,3626.04,1
16266.0,18,5,650.74,1
16270.0,235,1,1141.24,0
16271.0,7,3,893.03,1
16274.0,254,1,357.95,0
16275.0,78,1,559.87,1
16276.0,58,1,810.6000000000001,1
16279.0,58,1,359.08000000000004,1
16282.0,221,1,168.3,0
16283.0,2,3,586.35,1
16287.0,51,1,142.5,1
16292.0,3,1,302.25,1
16293.0,89,4,1129.74,1
16297.0,150,1,301.9,0
16298.0,68,1,114.3,1
16302.0,8,1,233.22,1
16303.0,215,1,827.1800000000001,0
16305.0,20,1,361.21999999999997,1
16306.0,95,6,632.27,1
16308.0,99,2,960.0,1
16309.0,122,1,334.2,0
16315.0,212,1,226.37,0
16316.0,39,7,2212.81,1
16317.0,1,3,1341.65,1
16319.0,99,1,404.40000000000003,1
16320.0,53,2,1038.46,1
16321.0,187,3,223.65,0
16323.0,78,1,207.50000000000003,1
16324.0,10,3,428.68,1
16325.0,37,2,416.02000000000004,1
16326.0,41,6,1073.92,1
16327.0,81,4,2469.64,1
16332.0,12,3,659.27,1
16333.0,5,17,14369.2,1
16338.0,39,1,214.79999999999998,1
16339.0,166,1,109.95,0
16341.0,83,1,797.65,1
16342.0,27,2,226.21,1
16344.0,39,1,101.10000000000001,1
16348.0,9,4,775.14,1
16349.0,172,1,53.5,0
16350.0,215,1,376.7,0
16351.0,214,1,153.9,0
16353.0,24,12,2820.11,1
16356.0,79,3,211.77,1
16357.0,43,2,257.95,1
16358.0,66,1,462.15000000000003,1
16359.0,57,6,1246.83,1
16364.0,19,1,347.55,1
16365.0,4,7,862.56,1
16367.0,244,1,170.91,0
16369.0,78,1,354.45,1
16370.0,64,2,546.58,1
16374.0,144,1,156.3,0
16377.0,148,1,676.2,0
16378.0,129,3,362.95,0
16383.0,150,1,309.46,0
16384.0,145,1,409.1,0
16385.0,40,2,274.85,1
16386.0,135,1,61.10000000000001,0
16387.0,204,1,94.36,0
16389.0,87,2,670.17,1
16392.0,151,1,221.19,0
16393.0,24,8,1506.63,1
16394.0,53,3,933.1,1
16395.0,49,3,967.25,1
16398.0,36,2,1705.8,1
16399.0,117,1,178.41,0
16401.0,13,7,2455.42,1
16402.0,146,2,299.6,0
16403.0,194,1,177.5,0
16405.0,183,2,167.25,0
16407.0,20,6,1060.61,1
16409.0,32,3,1039.27,1
16411.0,251,1,131.5,0
16414.0,162,1,50.8,0
16418.0,107,1,145.91,0
16419.0,10,5,862.78,1
16422.0,2,37,27779.88,2
16424.0,73,1,133.56,1
16425.0,184,1,302.7,0
16426.0,157,1,328.37,0
16427.0,144,2,241.06,0
16431.0,95,3,642.81,1
16434.0,74,3,724.22,1
16440.0,96,1,272.46,1
16441.0,172,1,211.0,0
16442.0,109,2,437.03,0
16444.0,76,2,240.08,1
16446.0,87,1,2.9,1
16447.0,17,1,259.01,1
16448.0,79,1,188.89000000000001,1
16449.0,79,2,707.69,1
16450.0,31,1,311.92,1
16455.0,86,5,1133.78,1
16456.0,109,3,1576.6100000000001,1
16457.0,100,1,208.36,1
16458.0,5,10,1967.5,1
16461.0,59,1,151.42,1
16462.0,67,2,68.0,1
16463.0,86,1,319.37,1
16464.0,24,1,385.0,1
16466.0,62,3,522.84,1
16469.0,128,2,276.88,0
16470.0,74,2,345.66,1
16471.0,156,1,223.95000000000002,0
16473.0,46,3,316.11,1
16474.0,27,1,355.57,1
16475.0,25,3,459.3,1
16477.0,13,6,1999.26,1
16483.0,74,1,139.35,1
16484.0,55,2,404.3,1
16488.0,30,1,219.06,1
16493.0,55,3,782.29,1
16494.0,178,1,826.53,0
16495.0,157,2,246.51,0
16496.0,89,2,1185.04,1
16497.0,85,5,1550.7,1
16498.0,43,2,100.97,1
16499.0,242,2,365.45,0
16500.0,212,1,165.0,0
16503.0,95,3,1093.39,1
16509.0,178,1,363.7,0
16510.0,254,1,248.1,0
16511.0,26,2,582.7,1
16515.0,32,3,987.61,1
16517.0,159,1,162.7,0
16518.0,165,1,190.7,0
16519.0,247,1,103.7,0
16520.0,68,3,1046.57,1
16523.0,23,11,4026.85,1
16525.0,20,19,9650.55,1
16526.0,53,1,290.36,1
16529.0,71,1,455.25,1
16531.0,8,4,684.53,1
16532.0,17,2,4516.8,1
16539.0,101,3,1053.61,1
16545.0,46,1,339.3,1
16546.0,172,2,787.15,0
16549.0,5,2,781.52,1
16550.0,45,4,1772.25,1
16551.0,12,2,617.17,1
16552.0,124,2,379.73,0
16553.0,44,12,5719.82,1
16554.0,104,2,314.11,1
16556.0,44,5,2084.2400000000002,1
16557.0,19,1,101.15,1
16558.0,3,13,4362.4,1
16560.0,240,1,332.18,0
16565.0,246,1,173.7,0
16566.0,52,3,463.88,1
16567.0,76,2,865.6,1
16570.0,9,6,2134.07,1
16571.0,58,2,896.79,1
16572.0,8,3,1009.6,1
16573.0,172,1,292.63,0
16581.0,64,1,105.84,1
16583.0,255,1,233.45,0
16584.0,136,1,611.94,0
16586.0,130,1,463.95,0
16587.0,113,1,225.15,0
16589.0,43,1,117.68,1
16592.0,18,10,2214.33,1
16593.0,71,2,255.5,1
16596.0,247,1,120.65,0
16598.0,167,1,145.04999999999998,0
16600.0,134,2,237.46,0
16607.0,10,10,2267.58,1
16609.0,17,5,2710.04,1
16610.0,101,1,75.66,1
16611.0,67,1,129.49,1
16612.0,1,3,870.3000000000001,1
16614.0,64,1,506.19,1
16616.0,39,1,210.10000000000002,1
16617.0,117,1,151.85,0
16618.0,92,4,1441.29,1
16619.0,145,1,226.21,0
16620.0,142,1,95.75999999999999,0
16621.0,29,3,609.41,1
16623.0,127,1,129.45,0
16624.0,79,1,426.43,1
16625.0,156,1,333.08,0
16626.0,9,6,2028.04,1
16628.0,17,3,1123.54,1
16633.0,62,2,703.32,1
16634.0,104,2,217.9,1
16637.0,5,2,530.55,1
16638.0,138,6,1211.44,0
16639.0,88,2,471.15000000000003,1
16642.0,89,1,307.73,1
16643.0,127,1,487.51,0
16644.0,59,2,833.78,1
16647.0,51,2,214.06,1
16652.0,94,3,3054.62,1
16654.0,22,4,601.27,1
16655.0,12,3,1868.89,1
16656.0,2,10,6257.0,1
16657.0,30,2,446.11,1
16658.0,250,1,123.24,0
16659.0,71,1,39.12,1
16660.0,92,2,384.36,1
16665.0,244,1,135.39999999999998,0
16667.0,166,1,203.35,0
16668.0,20,4,216.24,1
16670.0,54,7,2548.76,1
16671.0,46,1,1382.88,1
16672.0,9,15,5905.04,1
16676.0,95,3,1098.5,1
16678.0,27,6,1503.59,1
16679.0,248,1,129.75,0
16681.0,26,4,1332.68,1
16682.0,40,2,626.3,1
16684.0,15,18,33883.5,2
16686.0,76,4,1229.57,1
16690.0,83,1,86.5,1
16692.0,138,2,1276.0,0
16693.0,153,1,157.56,0
16696.0,17,4,657.9000000000001,1
16697.0,122,1,112.75,0
16698.0,108,2,1998.0,0
16700.0,3,10,4095.95,1
16701.0,11,10,4050.42,1
16705.0,26,9,8194.43,1
16709.0,81,4,1984.5900000000001,1
16710.0,20,7,1843.89,1
16711.0,22,3,909.87,1
16712.0,11,6,1766.2,1
16713.0,25,10,3601.44,1
16714.0,100,3,1161.53,1
16716.0,148,2,901.2,0
16717.0,44,3,1136.16,1
16718.0,251,1,623.75,0
16719.0,30,5,1286.43,1
16721.0,143,1,292.47,0
16722.0,22,8,2939.2,1
16725.0,183,7,781.02,0
16726.0,78,4,795.19,1
16727.0,246,1,272.82,0
16728.0,48,3,550.0,1
16729.0,15,15,4621.08,1
16730.0,116,2,480.94,0
16735.0,121,2,1097.92,0
16738.0,179,1,3.75,0
16739.0,58,1,323.0,1
16743.0,37,5,1519.1200000000001,1
16744.0,27,2,241.69,1
16745.0,12,14,5599.7300000000005,1
16746.0,1,11,4113.66,1
16748.0,99,3,910.2,1
16750.0,3,3,416.12,1
16752.0,254,1,207.5,0
16754.0,253,1,2002.4,0
16755.0,108,2,908.47,0
16756.0,96,1,239.4,1
16757.0,200,1,106.83000000000001,0
16762.0,26,1,314.15000000000003,1
16763.0,80,1,611.85,1
16764.0,8,3,522.0600000000001,1
16765.0,175,1,34.0,0
16766.0,155,2,1145.6,0
16767.0,17,5,3666.7400000000002,1
16768.0,153,1,183.25,0
16769.0,142,1,380.39,0
16770.0,118,4,656.48,0
16771.0,157,3,1655.95,0
16774.0,24,2,304.2,1
16775.0,4,8,1174.55,1
16777.0,139,1,177.25,0
16778.0,156,1,93.18,0
16779.0,31,14,5715.85,1
16780.0,140,1,161.89,0
16781.0,254,1,311.25,0
16782.0,19,9,1642.3500000000001,1
16788.0,5,2,597.48,1
16791.0,4,5,800.27,1
16792.0,164,2,110.38000000000001,0
16794.0,29,3,500.19,1
16795.0,247,1,414.88,0
16801.0,44,4,1619.73,1
16804.0,151,1,118.05,0
16805.0,55,2,460.59,1
16806.0,51,3,541.56,1
16807.0,24,3,1121.59,1
16808.0,155,1,166.5,0
16809.0,18,3,470.69,1
16810.0,73,1,309.54,1
16812.0,242,1,479.35,0
16813.0,13,5,899.39,1
16814.0,11,15,5028.79,1
16816.0,31,3,372.69,1
16817.0,67,7,1179.43,1
16818.0,8,7,1972.65,1
16823.0,109,1,358.38,0
16824.0,46,1,222.9,1
16825.0,67,1,318.7,1
16829.0,38,1,197.22,1
16832.0,65,3,199.15,1
16833.0,141,3,671.29,0
16834.0,109,1,413.46,0
16835.0,10,2,180.85,1
16837.0,39,9,1911.74,1
16838.0,79,2,588.85,1
16839.0,3,21,10337.48,1
16841.0,19,5,1561.06,1
16842.0,36,2,866.95,1
16843.0,16,11,7371.6,1
16849.0,68,1,124.57,1
16850.0,215,1,332.41,0
16852.0,57,1,113.06,1
16858.0,250,1,375.69000000000005,0
16859.0,26,2,747.81,1
16861.0,39,1,70.80000000000001,1
16863.0,248,1,164.25,0
16866.0,22,3,207.73999999999998,1
16869.0,47,2,387.68,1
16871.0,92,4,2037.82,1
16872.0,66,1,388.36,1
16873.0,8,4,3871.4700000000003,1
16875.0,26,4,1138.2,1
16877.0,33,2,188.98,1
16880.0,8,5,856.91,1
16882.0,121,2,215.70000000000002,0
16883.0,69,2,276.73,1
16885.0,238,1,190.65,0
16889.0,76,3,1578.67,1
16891.0,23,2,437.92,1
16892.0,65,1,102.97999999999999,1
16893.0,248,1,145.93,0
16897.0,181,2,289.78,0
16898.0,59,2,319.46999999999997,1
16899.0,31,3,510.18,1
16904.0,2,12,2770.94,1
16905.0,118,3,853.93,0
16906.0,68,3,394.94,1
16907.0,29,4,711.88,1
16912.0,16,7,1558.38,1
16913.0,172,1,113.44,0
16915.0,9,4,382.39000000000004,1
16916.0,254,1,198.08,0
16917.0,158,1,391.52,0
16918.0,41,2,523.03,1
16919.0,38,11,2596.45,1
16923.0,34,13,4398.54,1
16926.0,253,1,230.25,0
16927.0,158,2,341.45,0
16928.0,2,12,1841.85,1
16929.0,9,2,428.88,1
16931.0,13,13,2743.97,1
16933.0,121,1,224.73,0
16938.0,61,3,2410.75,1
16940.0,51,2,1868.36,1
16942.0,18,7,1449.14,1
16943.0,93,3,816.73,1
16945.0,15,11,2402.4700000000003,1
16947.0,117,1,406.48,0
16948.0,20,3,435.02,1
16949.0,67,4,893.75,1
16950.0,6,2,778.41,1
16951.0,16,3,1277.75,1
16954.0,6,4,1245.3799999999999,1
16955.0,66,4,518.67,1
16957.0,121,2,416.64,0
16960.0,134,1,201.53,0
16963.0,69,1,110.55000000000001,1
16965.0,108,1,201.19,0
16966.0,52,4,1486.56,1
16967.0,71,1,319.02,1
16969.0,16,2,478.96000000000004,1
16976.0,148,1,251.51999999999998,0
16979.0,29,2,555.65,1
16980.0,136,2,1078.96,0
16983.0,62,4,885.22,1
16984.0,11,1,3226.13,1
16985.0,39,7,3578.54,1
16987.0,51,3,629.45,1
16989.0,32,1,857.7,1
16990.0,100,1,179.0,1
16992.0,81,2,671.15,1
16996.0,3,5,1041.78,1
16997.0,169,3,702.0,0
16998.0,31,4,295.0,1
17001.0,54,6,2210.39,1
17002.0,97,2,993.52,1
17007.0,36,5,575.44,1
17015.0,67,1,524.5,1
17017.0,44,14,5431.28,1
17018.0,207,1,405.0,0
17019.0,143,3,995.93,0
17024.0,39,1,31.25,1
17025.0,254,2,160.97,0
17026.0,67,2,154.82999999999998,1
17027.0,61,4,655.88,1
17029.0,118,1,358.0,0
17031.0,36,1,225.95,1
17033.0,95,2,608.1,1
17034.0,169,1,141.79999999999998,0
17035.0,127,2,433.53000000000003,0
17040.0,19,1,449.73,1
17041.0,242,1,304.5,0
17042.0,3,4,922.8199999999999,1
17043.0,60,2,324.96999999999997,1
17045.0,38,2,148.35,1
17046.0,39,1,642.02,1
17047.0,86,2,749.4300000000001,1
17048.0,164,2,760.4,0
17049.0,39,4,2276.37,1
17050.0,68,5,2660.59,1
17051.0,76,1,247.14000000000001,1
17053.0,12,1,498.48,1
17054.0,19,4,1207.32,1
17058.0,81,2,819.66,1
17059.0,79,3,1510.67,1
17060.0,148,1,234.24,0
17061.0,29,9,4251.43,1
17062.0,195,4,538.37,0
17063.0,45,4,671.87,1
17064.0,64,2,461.3,1
17068.0,17,14,3074.8,1
17069.0,37,5,1495.79,1
17071.0,15,6,1402.42,1
17075.0,135,3,696.07,0
17076.0,155,2,334.2,0
17080.0,151,1,76.32000000000001,0
17082.0,200,1,636.94,0
17083.0,177,2,996.02,0
17085.0,5,5,1566.65,1
17088.0,64,2,1399.1100000000001,1
17090.0,109,3,649.05,1
17091.0,67,5,1994.41,1
17092.0,7,2,633.07,1
17094.0,204,1,302.0,0
17095.0,181,2,543.96,0
17096.0,24,2,443.94,1
17097.0,206,2,287.64,0
17101.0,60,1,230.57999999999998,1
17102.0,143,1,25.5,0
17105.0,40,2,665.78,1
17107.0,36,3,6334.06,1
17109.0,113,2,464.59000000000003,0
17110.0,47,1,163.29999999999998,1
17114.0,20,6,603.59,1
17115.0,64,2,612.82,1
17117.0,170,1,116.19999999999999,0
17118.0,199,1,157.02,0
17120.0,115,1,307.46,0
17122.0,1,1,138.32,1
17123.0,43,1,345.29999999999995,1
17124.0,67,1,298.89,1
17126.0,34,5,1004.75,1
17128.0,216,1,157.09,0
17133.0,72,3,2478.79,1
17134.0,146,1,330.5,0
17135.0,171,2,500.55,0
17138.0,157,1,380.5,0
17139.0,4,7,6851.82,1
17140.0,129,1,465.32,0
17142.0,120,1,579.0,0
17146.0,145,2,563.88,0
17147.0,88,2,973.11,1
17152.0,76,3,1689.5,1
17155.0,59,1,143.3,1
17157.0,58,1,161.46,1
17158.0,114,2,698.55,0
17159.0,53,1,528.45,1
17160.0,17,4,2243.13,1
17162.0,12,9,1463.66,1
17164.0,33,3,1270.42,1
17165.0,165,1,158.68,0
17166.0,85,1,127.59,1
17169.0,65,1,308.68,1
17171.0,170,1,224.91,0
17173.0,12,1,462.78,1
17174.0,99,1,59.9,1
17175.0,22,3,1132.6299999999999,1
17176.0,83,1,306.13,1
17179.0,59,3,711.79,1
17180.0,122,3,564.86,0
17181.0,255,1,155.52,0
17187.0,108,1,203.95,0
17188.0,46,5,1815.09,1
17189.0,240,1,227.22,0
17190.0,88,1,195.0,1
17191.0,73,5,1175.7,1
17193.0,58,2,448.56000000000006,1
17194.0,155,2,262.62,0
17198.0,247,2,521.66,0
17204.0,57,4,1564.56,1
17211.0,62,6,1464.89,1
17212.0,134,1,226.85,0
17213.0,22,5,1780.01,1
17214.0,130,4,613.67,0
17217.0,115,1,113.5,0
17218.0,95,5,948.58,1
17220.0,7,8,2172.4,1
17223.0,191,2,426.79,0
17226.0,190,1,393.49,0
17227.0,54,3,473.75,1
17228.0,89,4,687.58,1
17229.0,24,1,157.71,1
17230.0,145,8,3638.41,0
17231.0,7,7,1938.72,1
17234.0,64,1,149.89000000000001,1
17235.0,254,1,341.9,0
17236.0,60,5,697.73,1
17238.0,17,11,1959.92,1
17239.0,194,1,382.5,0
17242.0,62,1,709.44,1
17243.0,17,14,3734.12,1
17245.0,86,1,171.45,1
17248.0,2,1,318.65,1
17250.0,142,1,162.65,0
17251.0,244,1,283.28000000000003,0
17252.0,67,1,341.96,1
17255.0,181,1,112.46,0
17256.0,194,1,127.89999999999999,0
17259.0,30,2,603.37,1
17262.0,108,4,955.3600000000001,1
17263.0,90,1,63.440000000000005,1
17265.0,20,2,562.9,1
17266.0,29,1,113.06,1
17267.0,8,2,317.62,1
17268.0,32,3,311.48,1
17272.0,81,2,1409.44,1
17277.0,109,2,1065.3500000000001,0
17278.0,123,1,246.04,0
17282.0,12,3,1703.41,1
17284.0,2,5,1494.1399999999999,1
17287.0,25,5,702.41,1
17288.0,89,5,663.7,1
17289.0,62,1,167.35999999999999,1
17291.0,190,1,550.8000000000001,0
17293.0,1,5,867.03,1
17298.0,6,1,107.63999999999999,1
17299.0,54,1,151.63,1
17302.0,4,3,661.61,1
17303.0,243,1,250.04,0
17306.0,10,14,6123.32,1
17311.0,198,1,556.46,0
17312.0,20,3,644.3,1
17314.0,30,5,1506.92,1
17315.0,9,25,3679.57,1
17320.0,118,2,910.1,0
17323.0,6,4,537.25,1
17324.0,213,2,702.23,0
17325.0,162,1,96.8,0
17329.0,196,1,243.36,0
17331.0,5,1,175.2,1
17334.0,184,2,307.02,0
17337.0,33,4,2027.8700000000001,1
17338.0,43,6,4260.28,1
17339.0,247,1,60.0,0
17340.0,2,7,7593.65,1
17341.0,38,3,781.36,1
17343.0,237,1,193.64,0
17345.0,78,2,128.33,1
17346.0,60,7,1112.19,1
17348.0,179,1,160.15,0
17349.0,61,1,110.75,1
17351.0,50,2,427.3,1
17353.0,10,2,1740.0,1
17356.0,193,1,178.22,0
17358.0,184,2,365.85,0
17360.0,65,1,330.95,1
17361.0,68,2,263.92,1
17362.0,121,2,312.23,0
17364.0,19,6,2633.81,1
17365.0,51,5,2371.01,1
17367.0,120,1,168.4,0
17368.0,55,5,1614.87,1
17370.0,51,1,110.69999999999999,1
17371.0,243,1,97.63,0
17372.0,48,6,1061.13,1
17373.0,15,2,287.3,1
17374.0,100,2,495.77,1
17375.0,80,3,400.1,1
17376.0,193,1,105.85,0
17377.0,7,9,2045.38,1
17381.0,1,23,16875.65,1
17384.0,100,1,227.65,1
17386.0,47,2,613.32,1
17388.0,13,3,953.0300000000001,1
17389.0,3,24,8912.78,1
17391.0,45,2,508.8,1
17392.0,188,2,457.91,0
17394.0,101,1,203.86999999999998,1
17396.0,30,6,4801.8,1
17398.0,92,2,528.45,1
17400.0,7,5,2129.96,1
17402.0,48,6,1162.31,1
17404.0,5,10,21004.3,1
17405.0,32,1,393.31,1
17406.0,215,3,2200.42,0
17408.0,45,1,32.65,1
17409.0,66,2,771.85,1
17410.0,97,1,302.4,1
17411.0,143,1,285.58,0
17412.0,78,4,709.82,1
17414.0,66,1,598.0,1
17416.0,57,4,4385.75,1
17418.0,205,1,167.39000000000001,0
17419.0,25,8,2660.0,1
17420.0,53,2,391.51,1
17422.0,24,4,1296.18,1
17423.0,99,1,449.42,1
17426.0,57,3,3279.23,1
17428.0,8,19,10283.84,1
17429.0,10,3,524.9200000000001,1
17430.0,247,1,112.6,0
17431.0,195,1,403.3,0
17436.0,108,1,122.39999999999999,0
17438.0,135,1,388.45000000000005,0
17440.0,38,3,186.42000000000002,1
17442.0,3,4,1590.45,1
17443.0,101,1,534.24,1
17444.0,29,3,2940.04,1
17446.0,58,2,120.9,1
17449.0,116,3,1322.69,0
17450.0,15,18,69650.88,2
17454.0,74,4,517.53,1
17455.0,85,1,131.7,1
17456.0,246,1,249.86,0
17457.0,8,5,1737.7,1
17460.0,107,5,462.58000000000004,1
17462.0,165,1,463.40999999999997,0
17463.0,58,3,1245.64,1
17464.0,40,1,289.96000000000004,1
17469.0,39,2,746.07,1
17470.0,9,4,816.47,1
17472.0,73,3,710.29,1
17483.0,15,2,274.74,1
17486.0,143,1,396.87,0
17489.0,94,1,208.56,1
17490.0,58,1,305.2,1
17491.0,15,5,1660.31,1
17492.0,130,1,374.57,0
17496.0,240,1,271.05,0
17499.0,171,1,622.88,0
17501.0,102,2,288.6,1
17504.0,88,9,2997.0299999999997,1
17505.0,43,2,1145.84,1
17507.0,143,2,605.58,0
17508.0,162,1,387.31,0
17511.0,9,19,52918.590000000004,2
17512.0,3,8,1891.9,1
17514.0,9,1,208.65,1
17515.0,88,3,571.37,1
17516.0,1,4,608.85,1
17517.0,190,1,153.94,0
17519.0,15,5,1488.0,1
17521.0,81,1,159.56,1
17522.0,20,4,912.25,1
17524.0,243,1,145.0,0
17525.0,241,1,422.70000000000005,0
17526.0,172,3,872.8,0
17527.0,100,1,292.11,1
17530.0,87,6,1367.86,1
17531.0,71,1,296.7,1
17535.0,162,1,164.4,0
17536.0,59,1,76.5,1
17537.0,185,1,630.7,0
17540.0,198,1,268.8,0
17542.0,151,1,170.75,0
17548.0,115,1,103.3,0
17550.0,79,3,267.16,1
17551.0,241,1,306.84,0
17552.0,253,2,298.52,0
17553.0,11,1,1487.6,1
17554.0,4,2,1249.89,1
17555.0,216,1,195.45,0
17556.0,87,1,157.9,1
17560.0,37,3,705.83,1
17562.0,2,3,535.4,1
17567.0,30,5,2335.05,1
17569.0,214,1,344.14,0
17571.0,27,3,561.2,1
17572.0,120,2,152.20000000000002,0
17574.0,124,1,185.65,0
17576.0,31,11,1998.27,1
17578.0,99,1,143.45999999999998,1
17579.0,19,2,270.86,1
17580.0,134,3,215.72,0
17581.0,39,15,5104.83,1
17582.0,118,1,175.27,0
17584.0,9,1,749.45,1
17585.0,52,3,813.52,1
17588.0,53,2,702.24,1
17589.0,32,3,1843.07,1
17591.0,4,6,1863.17,1
17593.0,26,3,2263.52,1
17594.0,136,1,315.0,0
17596.0,18,4,1738.73,1
17597.0,95,1,2044.3700000000001,1
17601.0,120,1,116.00999999999999,0
17602.0,5,2,909.5500000000001,1
17604.0,99,2,309.36,1
17609.0,183,2,537.6899999999999,0
17611.0,5,9,2724.25,1
17612.0,29,3,1032.06,1
17613.0,51,8,2835.36,1
17615.0,12,3,329.6,1
17616.0,55,3,571.1999999999999,1
17618.0,130,2,666.78,0
17619.0,194,1,218.52,0
17621.0,194,2,901.78,0
17624.0,99,1,400.3,1
17625.0,22,2,1234.78,1
17629.0,2,5,798.38,1
17630.0,51,2,503.59999999999997,1
17631.0,19,2,416.5,1
17633.0,1,1,332.89,1
17634.0,4,6,1920.66,1
17639.0,158,1,108.5,0
17642.0,1,2,712.29,1
17643.0,255,1,101.55,0
17644.0,2,7,1625.63,1
17646.0,101,3,1008.39,1
17648.0,74,3,1107.39,1
17649.0,19,1,868.49,1
17651.0,37,4,1148.01,1
17652.0,26,6,2713.57,1
17653.0,1,1,163.24,1
17654.0,159,1,117.55,0
17655.0,91,4,1602.7,1
17656.0,10,1,341.58,1
17658.0,92,1,317.59999999999997,1
17659.0,10,7,1461.11,1
17660.0,23,1,196.0,1
17663.0,36,4,1016.53,1
17664.0,94,1,326.19,1
17667.0,43,4,1751.01,1
17669.0,4,5,2433.22,1
17670.0,109,1,205.7,0
17671.0,39,3,1098.55,1
17672.0,191,1,1177.8400000000001,0
17673.0,44,4,1209.77,1
17674.0,250,1,300.66,0
17675.0,3,21,12349.52,1
17676.0,8,3,499.86,1
17677.0,8,18,10083.73,1
17678.0,145,1,298.11,0
17682.0,25,4,1470.23,1
17685.0,148,5,1512.72,0
17686.0,2,5,4589.35,1
17690.0,68,10,3063.93,1
17691.0,239,2,290.40000000000003,0
17692.0,9,4,740.9399999999999,1
17693.0,18,1,200.47,1
17694.0,23,1,283.12,1
17695.0,13,2,765.34,1
17696.0,19,6,1639.77,1
17697.0,117,1,338.95,0
17698.0,142,1,154.95,0
17700.0,95,2,1125.57,1
17701.0,134,1,417.95,0
17702.0,45,2,775.13,1
17703.0,20,1,229.14,1
17704.0,50,2,885.19,1
17705.0,19,5,659.8,1
17706.0,30,9,6518.8,1
17707.0,67,2,152.4,1
17708.0,69,2,267.08,1
17709.0,51,1,137.45,1
17711.0,171,1,220.53000000000003,0
17714.0,202,1,153.0,0
17715.0,82,1,326.4,1
17716.0,5,4,3436.76,1
17718.0,114,1,139.35,0
17719.0,10,9,3555.92,1
17720.0,107,2,532.38,0
17722.0,71,3,2100.88,1
17723.0,8,6,3276.4000000000005,1
17724.0,20,1,373.1,1
17725.0,27,6,1887.61,1
17730.0,4,7,2741.07,1
17731.0,10,3,963.74,1
17732.0,254,1,303.97,0
17733.0,143,1,216.95000000000002,0
17734.0,18,2,540.21,1
17735.0,9,14,9268.03,1
17738.0,30,3,1571.49,1
17739.0,78,3,1070.77,1
17742.0,214,1,302.57,0
17744.0,132,4,1288.96,0
17746.0,122,1,110.25,0
17749.0,59,2,674.52,1
17750.0,14,3,839.06,1
17752.0,240,1,80.64,0
17754.0,23,2,575.06,1
17757.0,12,19,3165.4,1
17758.0,34,4,1436.2,1
17759.0,51,2,167.15,1
17760.0,255,1,172.54,0
17763.0,145,1,15.0,0
17764.0,92,1,261.97,1
17765.0,40,3,371.88,1
17768.0,48,1,411.33,1
17769.0,20,4,1828.73,1
17770.0,80,5,1143.27,1
17771.0,205,1,115.8,0
17774.0,27,3,989.87,1
17775.0,136,1,56.4,0
17779.0,25,1,323.09,1
17781.0,40,2,188.02,1
17783.0,129,1,112.41,0
17786.0,199,1,114.85,0
17787.0,34,4,1865.19,1
17788.0,11,1,16.7,1
17789.0,163,1,225.9,0
17790.0,2,12,1363.51,1
17795.0,61,2,350.39,1
17796.0,195,3,622.0,0
17797.0,64,1,272.41,1
17799.0,45,8,2144.2599999999998,1
17800.0,41,5,595.5,1
17802.0,62,2,632.4200000000001,1
17809.0,10,8,2856.71,1
17811.0,1,22,4572.32,1
17812.0,249,1,217.54999999999998,0
17816.0,151,2,21.31,0
17817.0,158,2,269.7,0
17819.0,64,6,3468.47,1
17827.0,123,4,1583.81,0
17828.0,52,2,863.16,1
17829.0,180,1,889.24,0
17830.0,143,2,287.65000000000003,0
17837.0,29,3,376.51,1
17838.0,174,3,1687.7,0
17841.0,2,72,20101.46,2
17843.0,184,1,205.48,0
17848.0,10,8,821.5999999999999,1
17849.0,100,4,605.8000000000001,1
17850.0,253,34,5391.21,0
17854.0,66,2,311.26,1
17855.0,254,1,208.97,0
17856.0,115,3,1142.63,0
17857.0,2,12,9817.039999999999,1
17858.0,49,7,3104.2,1
17859.0,186,1,148.21,0
17860.0,250,1,252.8,0
17861.0,17,5,1301.57,1
17862.0,205,1,330.9,0
17863.0,27,4,1785.28,1
17864.0,157,1,208.41,0
17865.0,43,9,5095.0,1
17866.0,24,1,329.65,1
17867.0,25,4,957.48,1
17869.0,97,3,310.96,1
17870.0,5,6,603.22,1
17871.0,86,1,155.9,1
17873.0,66,4,1587.1200000000001,1
17874.0,67,6,683.46,1
17877.0,52,1,237.61,1
17879.0,55,1,178.51999999999998,1
17880.0,246,1,458.92,0
17881.0,185,1,133.35000000000002,0
17883.0,127,1,119.35,0
17884.0,193,3,602.84,0
17886.0,92,2,396.26,1
17887.0,10,1,111.35,1
17888.0,43,4,307.05,1
17889.0,93,2,203.87,1
17890.0,204,2,602.09,0
17891.0,43,1,203.85999999999999,1
17892.0,37,1,142.1,1
17893.0,107,1,112.25,0
17894.0,167,6,867.85,0
17897.0,54,3,566.6,1
17898.0,88,1,99.84,1
17899.0,41,1,155.8,1
17900.0,72,2,112.19999999999999,1
17905.0,38,3,618.99,1
17906.0,128,1,72.9,0
17908.0,255,1,243.28,0
17912.0,192,5,311.01,0
17913.0,237,1,218.05,0
17917.0,137,2,230.46,0
17920.0,17,8,2207.54,1
17921.0,29,3,601.76,1
17923.0,164,1,207.50000000000003,0
17924.0,183,2,502.20000000000005,0
17925.0,254,1,244.08,0
17926.0,15,2,397.29,1
17928.0,127,1,78.25999999999999,0
17929.0,136,2,435.0,0
17930.0,43,2,694.14,1
17931.0,15,2,408.36,1
17932.0,55,2,934.51,1
17935.0,20,2,145.79,1
17937.0,139,4,3327.48,0
17939.0,41,1,99.14,1
17940.0,10,8,3839.44,1
17941.0,12,1,304.56,1
17946.0,114,2,149.57999999999998,0
17948.0,29,1,358.56000000000006,1
17949.0,3,26,42344.56,2
17950.0,247,2,263.17,0
17951.0,240,2,409.50000000000006,0
17954.0,5,10,1890.21,1
17955.0,80,4,557.3,1
17956.0,131,1,12.75,0
17960.0,53,1,73.78,1
17961.0,5,31,1179.62,1
17962.0,24,1,102.83,1
17964.0,254,1,261.76,0
17965.0,16,10,1893.98,1
17966.0,32,4,594.43,1
17967.0,253,1,123.07,0
17968.0,255,1,277.35,0
17969.0,48,2,228.2,1
17970.0,92,1,582.59,1
17972.0,123,1,136.04,0
17974.0,101,1,172.77,1
17975.0,16,10,3411.19,1
17976.0,254,1,353.19,0
17978.0,247,1,300.91999999999996,0
17979.0,50,3,504.54,1
17980.0,47,3,811.45,1
17984.0,26,1,152.68,1
17987.0,67,1,198.57,1
17988.0,43,2,78.36,1
17990.0,118,3,630.84,0
17991.0,106,2,93.35,0
17994.0,3,4,678.49,1
17995.0,163,1,76.1,0
17997.0,14,4,1276.72,1
17999.0,248,1,190.34,0
18004.0,244,1,169.47,0
18008.0,84,7,2065.41,1
18009.0,117,1,257.34,0
18010.0,138,1,174.8,0
18011.0,254,1,102.78999999999999,0
18013.0,37,2,187.29,1
18016.0,68,3,488.76,1
18017.0,50,2,344.0,1
18018.0,81,1,37.45,1
18024.0,34,2,389.78,1
18032.0,215,1,73.5,0
18036.0,127,1,110.8,0
18037.0,36,6,70.02,1
18040.0,127,1,239.0,0
18041.0,25,15,2845.02,1
18043.0,88,2,451.81,1
18044.0,48,7,1105.53,1
18048.0,85,2,172.29000000000002,1
18050.0,241,1,74.4,0
18055.0,10,7,3672.86,1
18056.0,170,1,363.65,0
18061.0,33,7,1552.0700000000002,1
18062.0,55,3,720.52,1
18064.0,14,2,814.0,1
18065.0,65,8,1412.15,1
18068.0,171,1,101.69999999999999,0
18069.0,62,3,993.87,1
18071.0,139,2,453.0,0
18072.0,67,1,247.44,1
18073.0,10,11,3101.2400000000002,1
18074.0,255,1,489.6,0
18075.0,45,7,1552.95,1
18077.0,2,6,1369.01,1
18078.0,99,2,336.13,1
18079.0,8,2,2206.18,1
18080.0,124,1,841.4999999999999,0
18081.0,15,1,113.25000000000001,1
18085.0,212,2,689.95,0
18086.0,156,1,101.34,0
18087.0,172,1,3202.9199999999996,0
18092.0,1,8,5851.48,1
18093.0,2,3,2016.88,1
18094.0,18,5,2402.3,1
18095.0,194,2,580.0500000000001,0
18097.0,8,5,2011.4,1
18099.0,8,1,168.31,1
18101.0,25,1,110.23,1
18102.0,7,26,130537.23,2
18106.0,211,1,430.7,0
18108.0,136,1,271.0,0
18109.0,8,16,4057.68,1
18112.0,48,1,196.64,1
18113.0,250,1,76.32000000000001,0
18114.0,172,1,220.1,0
18116.0,115,7,1254.47,1
18118.0,29,18,4080.26,1
18119.0,249,1,181.12,0
18120.0,96,1,111.15,1
18121.0,31,2,673.1,1
18122.0,32,1,119.19,1
18125.0,83,3,945.14,1
18127.0,15,1,139.6,1
18129.0,125,1,112.55000000000001,0
18133.0,94,1,931.4999999999999,1
18135.0,72,1,109.82000000000001,1
18136.0,93,2,600.85,1
18138.0,177,1,152.65,0
18142.0,39,2,1019.52,1
18143.0,23,1,480.18,1
18144.0,38,8,1807.75,1
18145.0,86,2,1023.78,1
18146.0,22,2,160.35000000000002,1
18149.0,97,2,549.68,1
18150.0,21,2,413.28,1
18151.0,16,2,653.35,1
18155.0,52,2,266.56,1
18156.0,251,1,206.23000000000002,0
18159.0,183,1,530.15,0
18160.0,82,1,318.55,1
18161.0,22,3,771.26,1
18165.0,59,1,302.46000000000004,1
18168.0,57,6,1169.94,1
18170.0,99,1,304.21,1
18171.0,44,3,684.4200000000001,1
18172.0,8,10,5329.32,1
18173.0,81,3,1728.8400000000001,1
18176.0,239,1,476.35,0
18177.0,39,5,1037.82,1
18178.0,10,4,1590.81,1
18179.0,134,4,1103.16,0
18180.0,18,2,601.85,1
18183.0,108,2,632.07,0
18185.0,131,1,304.25,0
18188.0,172,1,426.6,0
18189.0,149,1,633.1,0
18190.0,74,2,284.46000000000004,1
18191.0,143,1,207.79999999999998,0
18193.0,47,1,243.76,1
18196.0,171,1,450.78,0
18198.0,39,13,4113.110000000001,1
18202.0,81,3,1396.99,1
18203.0,39,1,160.42000000000002,1
18204.0,73,1,549.43,1
18210.0,148,1,142.4,0
18211.0,18,2,268.7,1
18212.0,207,1,248.42,0
18213.0,118,1,232.48000000000002,0
18218.0,93,2,662.08,1
18219.0,31,8,1367.13,1
18220.0,108,1,305.28000000000003,0
18221.0,66,2,537.01,1
18223.0,25,10,3604.61,1
18224.0,145,1,158.95000000000002,0
18225.0,30,6,2156.47,1
18226.0,2,9,4251.03,1
18227.0,99,1,93.75,1
18229.0,20,12,4368.66,1
18230.0,55,4,1643.2800000000002,1
18231.0,74,5,2083.27,1
18232.0,39,3,500.62,1
18233.0,207,1,440.0,0
18235.0,1,2,749.8,1
18236.0,10,4,641.19,1
18237.0,1,2,566.59,1
18239.0,100,5,1561.6100000000001,1
18241.0,4,6,918.08,1
18242.0,78,2,694.08,1
18245.0,31,6,1672.81,1
18246.0,115,1,232.9,0
18248.0,4,2,804.02,1
18250.0,192,1,349.27,0
18252.0,53,1,69.89999999999999,1
18257.0,50,4,935.6,1
18259.0,248,1,376.30000000000007,0
18260.0,54,6,2643.2000000000003,1
18262.0,21,1,149.48,1
18263.0,37,2,811.4,1
18265.0,39,1,488.55,1
18268.0,15,1,25.5,1
18269.0,248,1,168.6,0
18270.0,148,1,111.95,0
18272.0,31,3,1734.2,1
18273.0,139,1,51.0,0
18280.0,159,1,180.60000000000002,0
18281.0,62,1,80.82,1
18282.0,8,1,100.21000000000001,1
18283.0,30,9,985.77,1
18287.0,83,1,765.28,1
